"install_date","country","platform","installs_total","d1_returners","d3_returners","d7_returners","d14_returners","d1_retention_pct","d3_retention_pct","d7_retention_pct","d14_retention_pct","eligible_d1","eligible_d3","eligible_d7","eligible_d14"
"2019-08-01","Asgard","android",44,21,16,8,9,47.73,36.36,18.18,20.45,TRUE,TRUE,TRUE,TRUE
"2019-08-01","Asgard","ios",26,13,8,8,7,50,30.77,30.77,26.92,TRUE,TRUE,TRUE,TRUE
"2019-08-01","Gargantua","android",248,145,96,87,62,58.47,38.71,35.08,25,TRUE,TRUE,TRUE,TRUE
"2019-08-01","Gargantua","ios",199,111,70,54,52,55.78,35.18,27.14,26.13,TRUE,TRUE,TRUE,TRUE
"2019-08-01","Gotham","android",193,94,59,54,40,48.7,30.57,27.98,20.73,TRUE,TRUE,TRUE,TRUE
"2019-08-01","Gotham","ios",95,42,31,24,20,44.21,32.63,25.26,21.05,TRUE,TRUE,TRUE,TRUE
"2019-08-01","Krypton","android",64,36,27,25,15,56.25,42.19,39.06,23.44,TRUE,TRUE,TRUE,TRUE
"2019-08-01","Krypton","ios",38,18,8,11,9,47.37,21.05,28.95,23.68,TRUE,TRUE,TRUE,TRUE
"2019-08-01","Mordor","android",158,71,46,35,30,44.94,29.11,22.15,18.99,TRUE,TRUE,TRUE,TRUE
"2019-08-01","Mordor","ios",91,47,36,22,20,51.65,39.56,24.18,21.98,TRUE,TRUE,TRUE,TRUE
"2019-08-01","Tatooine","android",234,136,103,84,72,58.12,44.02,35.9,30.77,TRUE,TRUE,TRUE,TRUE
"2019-08-01","Tatooine","ios",172,96,83,61,45,55.81,48.26,35.47,26.16,TRUE,TRUE,TRUE,TRUE
"2019-08-02","Asgard","android",57,20,17,9,6,35.09,29.82,15.79,10.53,TRUE,TRUE,TRUE,TRUE
"2019-08-02","Asgard","ios",36,10,12,7,6,27.78,33.33,19.44,16.67,TRUE,TRUE,TRUE,TRUE
"2019-08-02","Gargantua","android",342,157,112,101,78,45.91,32.75,29.53,22.81,TRUE,TRUE,TRUE,TRUE
"2019-08-02","Gargantua","ios",184,92,67,50,48,50,36.41,27.17,26.09,TRUE,TRUE,TRUE,TRUE
"2019-08-02","Gotham","android",233,87,56,41,38,37.34,24.03,17.6,16.31,TRUE,TRUE,TRUE,TRUE
"2019-08-02","Gotham","ios",139,68,48,38,31,48.92,34.53,27.34,22.3,TRUE,TRUE,TRUE,TRUE
"2019-08-02","Krypton","android",69,30,24,18,16,43.48,34.78,26.09,23.19,TRUE,TRUE,TRUE,TRUE
"2019-08-02","Krypton","ios",43,30,18,9,9,69.77,41.86,20.93,20.93,TRUE,TRUE,TRUE,TRUE
"2019-08-02","Mordor","android",135,57,50,42,29,42.22,37.04,31.11,21.48,TRUE,TRUE,TRUE,TRUE
"2019-08-02","Mordor","ios",135,76,47,40,36,56.3,34.81,29.63,26.67,TRUE,TRUE,TRUE,TRUE
"2019-08-02","Tatooine","android",260,160,110,75,62,61.54,42.31,28.85,23.85,TRUE,TRUE,TRUE,TRUE
"2019-08-02","Tatooine","ios",180,99,71,55,47,55,39.44,30.56,26.11,TRUE,TRUE,TRUE,TRUE
"2019-08-03","Asgard","android",45,21,12,11,6,46.67,26.67,24.44,13.33,TRUE,TRUE,TRUE,TRUE
"2019-08-03","Asgard","ios",34,18,13,11,8,52.94,38.24,32.35,23.53,TRUE,TRUE,TRUE,TRUE
"2019-08-03","Gargantua","android",298,146,101,66,57,48.99,33.89,22.15,19.13,TRUE,TRUE,TRUE,TRUE
"2019-08-03","Gargantua","ios",185,99,66,53,39,53.51,35.68,28.65,21.08,TRUE,TRUE,TRUE,TRUE
"2019-08-03","Gotham","android",179,84,57,41,33,46.93,31.84,22.91,18.44,TRUE,TRUE,TRUE,TRUE
"2019-08-03","Gotham","ios",160,75,41,36,23,46.88,25.63,22.5,14.38,TRUE,TRUE,TRUE,TRUE
"2019-08-03","Krypton","android",50,21,15,11,10,42,30,22,20,TRUE,TRUE,TRUE,TRUE
"2019-08-03","Krypton","ios",58,27,17,13,6,46.55,29.31,22.41,10.34,TRUE,TRUE,TRUE,TRUE
"2019-08-03","Mordor","android",114,53,38,29,23,46.49,33.33,25.44,20.18,TRUE,TRUE,TRUE,TRUE
"2019-08-03","Mordor","ios",163,86,48,36,29,52.76,29.45,22.09,17.79,TRUE,TRUE,TRUE,TRUE
"2019-08-03","Tatooine","android",275,143,68,68,48,52,24.73,24.73,17.45,TRUE,TRUE,TRUE,TRUE
"2019-08-03","Tatooine","ios",182,102,69,64,44,56.04,37.91,35.16,24.18,TRUE,TRUE,TRUE,TRUE
"2019-08-04","Asgard","android",72,30,22,18,10,41.67,30.56,25,13.89,TRUE,TRUE,TRUE,TRUE
"2019-08-04","Asgard","ios",32,7,4,5,4,21.88,12.5,15.63,12.5,TRUE,TRUE,TRUE,TRUE
"2019-08-04","Gargantua","android",304,141,92,72,47,46.38,30.26,23.68,15.46,TRUE,TRUE,TRUE,TRUE
"2019-08-04","Gargantua","ios",163,74,51,35,39,45.4,31.29,21.47,23.93,TRUE,TRUE,TRUE,TRUE
"2019-08-04","Gotham","android",206,89,68,45,31,43.2,33.01,21.84,15.05,TRUE,TRUE,TRUE,TRUE
"2019-08-04","Gotham","ios",155,69,51,30,27,44.52,32.9,19.35,17.42,TRUE,TRUE,TRUE,TRUE
"2019-08-04","Krypton","android",67,22,19,16,14,32.84,28.36,23.88,20.9,TRUE,TRUE,TRUE,TRUE
"2019-08-04","Krypton","ios",50,23,16,11,9,46,32,22,18,TRUE,TRUE,TRUE,TRUE
"2019-08-04","Mordor","android",143,71,53,42,31,49.65,37.06,29.37,21.68,TRUE,TRUE,TRUE,TRUE
"2019-08-04","Mordor","ios",161,78,55,49,40,48.45,34.16,30.43,24.84,TRUE,TRUE,TRUE,TRUE
"2019-08-04","Tatooine","android",280,128,90,73,65,45.71,32.14,26.07,23.21,TRUE,TRUE,TRUE,TRUE
"2019-08-04","Tatooine","ios",174,102,70,57,53,58.62,40.23,32.76,30.46,TRUE,TRUE,TRUE,TRUE
"2019-08-05","Asgard","android",37,18,10,6,7,48.65,27.03,16.22,18.92,TRUE,TRUE,TRUE,TRUE
"2019-08-05","Asgard","ios",34,20,10,9,7,58.82,29.41,26.47,20.59,TRUE,TRUE,TRUE,TRUE
"2019-08-05","Gargantua","android",281,137,85,63,52,48.75,30.25,22.42,18.51,TRUE,TRUE,TRUE,TRUE
"2019-08-05","Gargantua","ios",197,102,66,51,44,51.78,33.5,25.89,22.34,TRUE,TRUE,TRUE,TRUE
"2019-08-05","Gotham","android",158,73,55,40,29,46.2,34.81,25.32,18.35,TRUE,TRUE,TRUE,TRUE
"2019-08-05","Gotham","ios",136,69,42,35,18,50.74,30.88,25.74,13.24,TRUE,TRUE,TRUE,TRUE
"2019-08-05","Krypton","android",54,27,16,15,11,50,29.63,27.78,20.37,TRUE,TRUE,TRUE,TRUE
"2019-08-05","Krypton","ios",40,23,17,9,5,57.5,42.5,22.5,12.5,TRUE,TRUE,TRUE,TRUE
"2019-08-05","Mordor","android",136,81,60,48,48,59.56,44.12,35.29,35.29,TRUE,TRUE,TRUE,TRUE
"2019-08-05","Mordor","ios",103,55,39,22,21,53.4,37.86,21.36,20.39,TRUE,TRUE,TRUE,TRUE
"2019-08-05","Tatooine","android",262,125,89,71,57,47.71,33.97,27.1,21.76,TRUE,TRUE,TRUE,TRUE
"2019-08-05","Tatooine","ios",151,79,63,42,38,52.32,41.72,27.81,25.17,TRUE,TRUE,TRUE,TRUE
"2019-08-06","Asgard","android",58,14,11,12,7,24.14,18.97,20.69,12.07,TRUE,TRUE,TRUE,TRUE
"2019-08-06","Asgard","ios",29,12,7,6,4,41.38,24.14,20.69,13.79,TRUE,TRUE,TRUE,TRUE
"2019-08-06","Gargantua","android",252,125,92,68,59,49.6,36.51,26.98,23.41,TRUE,TRUE,TRUE,TRUE
"2019-08-06","Gargantua","ios",222,105,82,56,46,47.3,36.94,25.23,20.72,TRUE,TRUE,TRUE,TRUE
"2019-08-06","Gotham","android",176,88,53,42,38,50,30.11,23.86,21.59,TRUE,TRUE,TRUE,TRUE
"2019-08-06","Gotham","ios",153,66,43,29,24,43.14,28.1,18.95,15.69,TRUE,TRUE,TRUE,TRUE
"2019-08-06","Krypton","android",70,40,30,26,17,57.14,42.86,37.14,24.29,TRUE,TRUE,TRUE,TRUE
"2019-08-06","Krypton","ios",37,22,14,15,7,59.46,37.84,40.54,18.92,TRUE,TRUE,TRUE,TRUE
"2019-08-06","Mordor","android",126,61,44,32,25,48.41,34.92,25.4,19.84,TRUE,TRUE,TRUE,TRUE
"2019-08-06","Mordor","ios",125,59,49,37,32,47.2,39.2,29.6,25.6,TRUE,TRUE,TRUE,TRUE
"2019-08-06","Tatooine","android",311,171,125,95,91,54.98,40.19,30.55,29.26,TRUE,TRUE,TRUE,TRUE
"2019-08-06","Tatooine","ios",162,77,57,39,35,47.53,35.19,24.07,21.6,TRUE,TRUE,TRUE,TRUE
"2019-08-07","Asgard","android",57,24,17,11,9,42.11,29.82,19.3,15.79,TRUE,TRUE,TRUE,TRUE
"2019-08-07","Asgard","ios",26,8,5,4,3,30.77,19.23,15.38,11.54,TRUE,TRUE,TRUE,TRUE
"2019-08-07","Gargantua","android",432,224,156,117,103,51.85,36.11,27.08,23.84,TRUE,TRUE,TRUE,TRUE
"2019-08-07","Gargantua","ios",365,175,108,93,65,47.95,29.59,25.48,17.81,TRUE,TRUE,TRUE,TRUE
"2019-08-07","Gotham","android",217,119,70,61,52,54.84,32.26,28.11,23.96,TRUE,TRUE,TRUE,TRUE
"2019-08-07","Gotham","ios",145,69,50,37,31,47.59,34.48,25.52,21.38,TRUE,TRUE,TRUE,TRUE
"2019-08-07","Krypton","android",86,49,31,27,21,56.98,36.05,31.4,24.42,TRUE,TRUE,TRUE,TRUE
"2019-08-07","Krypton","ios",48,27,17,13,11,56.25,35.42,27.08,22.92,TRUE,TRUE,TRUE,TRUE
"2019-08-07","Mordor","android",132,67,48,42,31,50.76,36.36,31.82,23.48,TRUE,TRUE,TRUE,TRUE
"2019-08-07","Mordor","ios",114,65,41,32,29,57.02,35.96,28.07,25.44,TRUE,TRUE,TRUE,TRUE
"2019-08-07","Tatooine","android",314,166,116,99,83,52.87,36.94,31.53,26.43,TRUE,TRUE,TRUE,TRUE
"2019-08-07","Tatooine","ios",230,133,79,76,57,57.83,34.35,33.04,24.78,TRUE,TRUE,TRUE,TRUE
"2019-08-08","Asgard","android",84,37,19,15,7,44.05,22.62,17.86,8.33,TRUE,TRUE,TRUE,TRUE
"2019-08-08","Asgard","ios",41,13,12,7,7,31.71,29.27,17.07,17.07,TRUE,TRUE,TRUE,TRUE
"2019-08-08","Gargantua","android",436,205,133,115,94,47.02,30.5,26.38,21.56,TRUE,TRUE,TRUE,TRUE
"2019-08-08","Gargantua","ios",385,199,133,115,87,51.69,34.55,29.87,22.6,TRUE,TRUE,TRUE,TRUE
"2019-08-08","Gotham","android",215,101,72,48,55,46.98,33.49,22.33,25.58,TRUE,TRUE,TRUE,TRUE
"2019-08-08","Gotham","ios",174,74,45,34,29,42.53,25.86,19.54,16.67,TRUE,TRUE,TRUE,TRUE
"2019-08-08","Krypton","android",80,47,42,34,24,58.75,52.5,42.5,30,TRUE,TRUE,TRUE,TRUE
"2019-08-08","Krypton","ios",58,31,20,12,10,53.45,34.48,20.69,17.24,TRUE,TRUE,TRUE,TRUE
"2019-08-08","Mordor","android",169,87,66,51,45,51.48,39.05,30.18,26.63,TRUE,TRUE,TRUE,TRUE
"2019-08-08","Mordor","ios",136,67,50,40,34,49.26,36.76,29.41,25,TRUE,TRUE,TRUE,TRUE
"2019-08-08","Tatooine","android",391,203,140,116,98,51.92,35.81,29.67,25.06,TRUE,TRUE,TRUE,TRUE
"2019-08-08","Tatooine","ios",376,196,141,115,110,52.13,37.5,30.59,29.26,TRUE,TRUE,TRUE,TRUE
"2019-08-09","Asgard","android",76,26,13,8,6,34.21,17.11,10.53,7.89,TRUE,TRUE,TRUE,TRUE
"2019-08-09","Asgard","ios",41,17,7,6,5,41.46,17.07,14.63,12.2,TRUE,TRUE,TRUE,TRUE
"2019-08-09","Gargantua","android",484,215,166,127,97,44.42,34.3,26.24,20.04,TRUE,TRUE,TRUE,TRUE
"2019-08-09","Gargantua","ios",397,183,127,90,77,46.1,31.99,22.67,19.4,TRUE,TRUE,TRUE,TRUE
"2019-08-09","Gotham","android",256,108,67,47,43,42.19,26.17,18.36,16.8,TRUE,TRUE,TRUE,TRUE
"2019-08-09","Gotham","ios",218,109,66,54,43,50,30.28,24.77,19.72,TRUE,TRUE,TRUE,TRUE
"2019-08-09","Krypton","android",68,29,17,16,13,42.65,25,23.53,19.12,TRUE,TRUE,TRUE,TRUE
"2019-08-09","Krypton","ios",63,34,23,16,12,53.97,36.51,25.4,19.05,TRUE,TRUE,TRUE,TRUE
"2019-08-09","Mordor","android",167,70,35,27,26,41.92,20.96,16.17,15.57,TRUE,TRUE,TRUE,TRUE
"2019-08-09","Mordor","ios",139,74,51,34,31,53.24,36.69,24.46,22.3,TRUE,TRUE,TRUE,TRUE
"2019-08-09","Tatooine","android",420,190,127,103,75,45.24,30.24,24.52,17.86,TRUE,TRUE,TRUE,TRUE
"2019-08-09","Tatooine","ios",409,218,146,105,101,53.3,35.7,25.67,24.69,TRUE,TRUE,TRUE,TRUE
"2019-08-10","Asgard","android",84,24,16,14,13,28.57,19.05,16.67,15.48,TRUE,TRUE,TRUE,TRUE
"2019-08-10","Asgard","ios",50,19,13,11,5,38,26,22,10,TRUE,TRUE,TRUE,TRUE
"2019-08-10","Gargantua","android",501,225,150,108,84,44.91,29.94,21.56,16.77,TRUE,TRUE,TRUE,TRUE
"2019-08-10","Gargantua","ios",397,193,112,92,80,48.61,28.21,23.17,20.15,TRUE,TRUE,TRUE,TRUE
"2019-08-10","Gotham","android",299,139,86,62,58,46.49,28.76,20.74,19.4,TRUE,TRUE,TRUE,TRUE
"2019-08-10","Gotham","ios",278,117,74,59,47,42.09,26.62,21.22,16.91,TRUE,TRUE,TRUE,TRUE
"2019-08-10","Krypton","android",73,33,22,16,10,45.21,30.14,21.92,13.7,TRUE,TRUE,TRUE,TRUE
"2019-08-10","Krypton","ios",64,31,16,15,14,48.44,25,23.44,21.88,TRUE,TRUE,TRUE,TRUE
"2019-08-10","Mordor","android",174,69,45,39,27,39.66,25.86,22.41,15.52,TRUE,TRUE,TRUE,TRUE
"2019-08-10","Mordor","ios",170,82,57,42,34,48.24,33.53,24.71,20,TRUE,TRUE,TRUE,TRUE
"2019-08-10","Tatooine","android",446,218,146,130,104,48.88,32.74,29.15,23.32,TRUE,TRUE,TRUE,TRUE
"2019-08-10","Tatooine","ios",416,197,127,114,74,47.36,30.53,27.4,17.79,TRUE,TRUE,TRUE,TRUE
"2019-08-11","Asgard","android",96,38,23,21,15,39.58,23.96,21.88,15.63,TRUE,TRUE,TRUE,TRUE
"2019-08-11","Asgard","ios",36,16,13,11,8,44.44,36.11,30.56,22.22,TRUE,TRUE,TRUE,TRUE
"2019-08-11","Gargantua","android",476,213,155,114,97,44.75,32.56,23.95,20.38,TRUE,TRUE,TRUE,TRUE
"2019-08-11","Gargantua","ios",434,190,134,98,75,43.78,30.88,22.58,17.28,TRUE,TRUE,TRUE,TRUE
"2019-08-11","Gotham","android",292,134,99,86,68,45.89,33.9,29.45,23.29,TRUE,TRUE,TRUE,TRUE
"2019-08-11","Gotham","ios",230,94,59,44,40,40.87,25.65,19.13,17.39,TRUE,TRUE,TRUE,TRUE
"2019-08-11","Krypton","android",74,34,28,24,17,45.95,37.84,32.43,22.97,TRUE,TRUE,TRUE,TRUE
"2019-08-11","Krypton","ios",85,39,33,24,12,45.88,38.82,28.24,14.12,TRUE,TRUE,TRUE,TRUE
"2019-08-11","Mordor","android",144,54,47,37,32,37.5,32.64,25.69,22.22,TRUE,TRUE,TRUE,TRUE
"2019-08-11","Mordor","ios",180,85,69,57,46,47.22,38.33,31.67,25.56,TRUE,TRUE,TRUE,TRUE
"2019-08-11","Tatooine","android",380,186,126,103,81,48.95,33.16,27.11,21.32,TRUE,TRUE,TRUE,TRUE
"2019-08-11","Tatooine","ios",386,188,141,107,96,48.7,36.53,27.72,24.87,TRUE,TRUE,TRUE,TRUE
"2019-08-12","Asgard","android",95,37,27,25,12,38.95,28.42,26.32,12.63,TRUE,TRUE,TRUE,TRUE
"2019-08-12","Asgard","ios",64,25,16,20,12,39.06,25,31.25,18.75,TRUE,TRUE,TRUE,TRUE
"2019-08-12","Gargantua","android",483,214,137,102,79,44.31,28.36,21.12,16.36,TRUE,TRUE,TRUE,TRUE
"2019-08-12","Gargantua","ios",446,209,142,114,79,46.86,31.84,25.56,17.71,TRUE,TRUE,TRUE,TRUE
"2019-08-12","Gotham","android",273,125,81,58,43,45.79,29.67,21.25,15.75,TRUE,TRUE,TRUE,TRUE
"2019-08-12","Gotham","ios",295,129,82,60,52,43.73,27.8,20.34,17.63,TRUE,TRUE,TRUE,TRUE
"2019-08-12","Krypton","android",114,54,39,30,30,47.37,34.21,26.32,26.32,TRUE,TRUE,TRUE,TRUE
"2019-08-12","Krypton","ios",82,44,35,24,21,53.66,42.68,29.27,25.61,TRUE,TRUE,TRUE,TRUE
"2019-08-12","Mordor","android",163,75,56,41,27,46.01,34.36,25.15,16.56,TRUE,TRUE,TRUE,TRUE
"2019-08-12","Mordor","ios",200,103,78,66,56,51.5,39,33,28,TRUE,TRUE,TRUE,TRUE
"2019-08-12","Tatooine","android",384,204,139,109,91,53.13,36.2,28.39,23.7,TRUE,TRUE,TRUE,TRUE
"2019-08-12","Tatooine","ios",317,176,131,92,79,55.52,41.32,29.02,24.92,TRUE,TRUE,TRUE,TRUE
"2019-08-13","Asgard","android",78,25,17,12,11,32.05,21.79,15.38,14.1,TRUE,TRUE,TRUE,TRUE
"2019-08-13","Asgard","ios",61,23,16,16,9,37.7,26.23,26.23,14.75,TRUE,TRUE,TRUE,TRUE
"2019-08-13","Gargantua","android",511,249,184,150,125,48.73,36.01,29.35,24.46,TRUE,TRUE,TRUE,TRUE
"2019-08-13","Gargantua","ios",537,263,180,141,125,48.98,33.52,26.26,23.28,TRUE,TRUE,TRUE,TRUE
"2019-08-13","Gotham","android",288,133,84,62,59,46.18,29.17,21.53,20.49,TRUE,TRUE,TRUE,TRUE
"2019-08-13","Gotham","ios",245,112,74,57,46,45.71,30.2,23.27,18.78,TRUE,TRUE,TRUE,TRUE
"2019-08-13","Krypton","android",94,41,31,28,19,43.62,32.98,29.79,20.21,TRUE,TRUE,TRUE,TRUE
"2019-08-13","Krypton","ios",82,42,26,22,19,51.22,31.71,26.83,23.17,TRUE,TRUE,TRUE,TRUE
"2019-08-13","Mordor","android",165,84,54,52,37,50.91,32.73,31.52,22.42,TRUE,TRUE,TRUE,TRUE
"2019-08-13","Mordor","ios",180,95,67,49,42,52.78,37.22,27.22,23.33,TRUE,TRUE,TRUE,TRUE
"2019-08-13","Tatooine","android",438,227,180,142,121,51.83,41.1,32.42,27.63,TRUE,TRUE,TRUE,TRUE
"2019-08-13","Tatooine","ios",363,170,127,108,90,46.83,34.99,29.75,24.79,TRUE,TRUE,TRUE,TRUE
"2019-08-14","Asgard","android",182,71,43,27,16,39.01,23.63,14.84,8.79,TRUE,TRUE,TRUE,TRUE
"2019-08-14","Asgard","ios",63,23,16,14,8,36.51,25.4,22.22,12.7,TRUE,TRUE,TRUE,TRUE
"2019-08-14","Gargantua","android",1025,475,277,231,181,46.34,27.02,22.54,17.66,TRUE,TRUE,TRUE,TRUE
"2019-08-14","Gargantua","ios",683,341,194,188,152,49.93,28.4,27.53,22.25,TRUE,TRUE,TRUE,TRUE
"2019-08-14","Gotham","android",481,220,138,109,90,45.74,28.69,22.66,18.71,TRUE,TRUE,TRUE,TRUE
"2019-08-14","Gotham","ios",247,115,69,49,37,46.56,27.94,19.84,14.98,TRUE,TRUE,TRUE,TRUE
"2019-08-14","Krypton","android",146,68,43,34,25,46.58,29.45,23.29,17.12,TRUE,TRUE,TRUE,TRUE
"2019-08-14","Krypton","ios",96,61,33,28,25,63.54,34.38,29.17,26.04,TRUE,TRUE,TRUE,TRUE
"2019-08-14","Mordor","android",262,129,83,78,58,49.24,31.68,29.77,22.14,TRUE,TRUE,TRUE,TRUE
"2019-08-14","Mordor","ios",193,94,60,46,41,48.7,31.09,23.83,21.24,TRUE,TRUE,TRUE,TRUE
"2019-08-14","Tatooine","android",525,274,196,175,143,52.19,37.33,33.33,27.24,TRUE,TRUE,TRUE,TRUE
"2019-08-14","Tatooine","ios",479,247,177,162,143,51.57,36.95,33.82,29.85,TRUE,TRUE,TRUE,TRUE
"2019-08-15","Asgard","android",320,117,78,60,49,36.56,24.38,18.75,15.31,TRUE,TRUE,TRUE,TRUE
"2019-08-15","Asgard","ios",124,49,33,21,23,39.52,26.61,16.94,18.55,TRUE,TRUE,TRUE,TRUE
"2019-08-15","Gargantua","android",1426,664,426,381,305,46.56,29.87,26.72,21.39,TRUE,TRUE,TRUE,TRUE
"2019-08-15","Gargantua","ios",959,462,300,259,196,48.18,31.28,27.01,20.44,TRUE,TRUE,TRUE,TRUE
"2019-08-15","Gotham","android",650,283,158,134,102,43.54,24.31,20.62,15.69,TRUE,TRUE,TRUE,TRUE
"2019-08-15","Gotham","ios",404,192,109,85,77,47.52,26.98,21.04,19.06,TRUE,TRUE,TRUE,TRUE
"2019-08-15","Krypton","android",238,118,78,70,60,49.58,32.77,29.41,25.21,TRUE,TRUE,TRUE,TRUE
"2019-08-15","Krypton","ios",166,86,60,42,34,51.81,36.14,25.3,20.48,TRUE,TRUE,TRUE,TRUE
"2019-08-15","Mordor","android",313,159,106,85,64,50.8,33.87,27.16,20.45,TRUE,TRUE,TRUE,TRUE
"2019-08-15","Mordor","ios",260,127,91,60,48,48.85,35,23.08,18.46,TRUE,TRUE,TRUE,TRUE
"2019-08-15","Tatooine","android",942,462,312,251,218,49.04,33.12,26.65,23.14,TRUE,TRUE,TRUE,TRUE
"2019-08-15","Tatooine","ios",824,452,320,265,230,54.85,38.83,32.16,27.91,TRUE,TRUE,TRUE,TRUE
"2019-08-16","Asgard","android",246,84,53,38,30,34.15,21.54,15.45,12.2,TRUE,TRUE,TRUE,TRUE
"2019-08-16","Asgard","ios",121,44,24,24,21,36.36,19.83,19.83,17.36,TRUE,TRUE,TRUE,TRUE
"2019-08-16","Gargantua","android",1501,596,429,322,243,39.71,28.58,21.45,16.19,TRUE,TRUE,TRUE,TRUE
"2019-08-16","Gargantua","ios",927,436,320,240,192,47.03,34.52,25.89,20.71,TRUE,TRUE,TRUE,TRUE
"2019-08-16","Gotham","android",581,236,156,122,99,40.62,26.85,21,17.04,TRUE,TRUE,TRUE,TRUE
"2019-08-16","Gotham","ios",447,180,107,74,64,40.27,23.94,16.55,14.32,TRUE,TRUE,TRUE,TRUE
"2019-08-16","Krypton","android",205,77,52,42,41,37.56,25.37,20.49,20,TRUE,TRUE,TRUE,TRUE
"2019-08-16","Krypton","ios",160,67,44,38,30,41.88,27.5,23.75,18.75,TRUE,TRUE,TRUE,TRUE
"2019-08-16","Mordor","android",317,150,82,74,59,47.32,25.87,23.34,18.61,TRUE,TRUE,TRUE,TRUE
"2019-08-16","Mordor","ios",280,135,93,68,63,48.21,33.21,24.29,22.5,TRUE,TRUE,TRUE,TRUE
"2019-08-16","Tatooine","android",943,403,295,244,195,42.74,31.28,25.87,20.68,TRUE,TRUE,TRUE,TRUE
"2019-08-16","Tatooine","ios",1082,538,360,334,246,49.72,33.27,30.87,22.74,TRUE,TRUE,TRUE,TRUE
"2019-08-17","Asgard","android",347,123,68,58,44,35.45,19.6,16.71,12.68,TRUE,TRUE,TRUE,TRUE
"2019-08-17","Asgard","ios",169,60,32,29,20,35.5,18.93,17.16,11.83,TRUE,TRUE,TRUE,TRUE
"2019-08-17","Gargantua","android",1602,647,395,303,244,40.39,24.66,18.91,15.23,TRUE,TRUE,TRUE,TRUE
"2019-08-17","Gargantua","ios",956,434,264,190,152,45.4,27.62,19.87,15.9,TRUE,TRUE,TRUE,TRUE
"2019-08-17","Gotham","android",681,293,153,124,108,43.02,22.47,18.21,15.86,TRUE,TRUE,TRUE,TRUE
"2019-08-17","Gotham","ios",581,234,129,103,79,40.28,22.2,17.73,13.6,TRUE,TRUE,TRUE,TRUE
"2019-08-17","Krypton","android",221,83,48,34,27,37.56,21.72,15.38,12.22,TRUE,TRUE,TRUE,TRUE
"2019-08-17","Krypton","ios",240,97,50,38,43,40.42,20.83,15.83,17.92,TRUE,TRUE,TRUE,TRUE
"2019-08-17","Mordor","android",417,169,100,68,54,40.53,23.98,16.31,12.95,TRUE,TRUE,TRUE,TRUE
"2019-08-17","Mordor","ios",485,208,138,104,81,42.89,28.45,21.44,16.7,TRUE,TRUE,TRUE,TRUE
"2019-08-17","Tatooine","android",1163,490,303,244,195,42.13,26.05,20.98,16.77,TRUE,TRUE,TRUE,TRUE
"2019-08-17","Tatooine","ios",1113,496,310,259,191,44.56,27.85,23.27,17.16,TRUE,TRUE,TRUE,TRUE
"2019-08-18","Asgard","android",329,95,65,52,48,28.88,19.76,15.81,14.59,TRUE,TRUE,TRUE,TRUE
"2019-08-18","Asgard","ios",157,49,29,23,25,31.21,18.47,14.65,15.92,TRUE,TRUE,TRUE,TRUE
"2019-08-18","Gargantua","android",1706,694,454,348,262,40.68,26.61,20.4,15.36,TRUE,TRUE,TRUE,TRUE
"2019-08-18","Gargantua","ios",1060,494,324,250,195,46.6,30.57,23.58,18.4,TRUE,TRUE,TRUE,TRUE
"2019-08-18","Gotham","android",774,288,179,148,131,37.21,23.13,19.12,16.93,TRUE,TRUE,TRUE,TRUE
"2019-08-18","Gotham","ios",524,201,136,111,88,38.36,25.95,21.18,16.79,TRUE,TRUE,TRUE,TRUE
"2019-08-18","Krypton","android",256,105,66,56,43,41.02,25.78,21.88,16.8,TRUE,TRUE,TRUE,TRUE
"2019-08-18","Krypton","ios",244,95,67,52,41,38.93,27.46,21.31,16.8,TRUE,TRUE,TRUE,TRUE
"2019-08-18","Mordor","android",466,197,134,113,85,42.27,28.76,24.25,18.24,TRUE,TRUE,TRUE,TRUE
"2019-08-18","Mordor","ios",395,161,110,94,71,40.76,27.85,23.8,17.97,TRUE,TRUE,TRUE,TRUE
"2019-08-18","Tatooine","android",1135,476,351,275,216,41.94,30.93,24.23,19.03,TRUE,TRUE,TRUE,TRUE
"2019-08-18","Tatooine","ios",1041,446,334,278,205,42.84,32.08,26.71,19.69,TRUE,TRUE,TRUE,TRUE
"2019-08-19","Asgard","android",248,87,54,33,26,35.08,21.77,13.31,10.48,TRUE,TRUE,TRUE,TRUE
"2019-08-19","Asgard","ios",133,53,31,21,22,39.85,23.31,15.79,16.54,TRUE,TRUE,TRUE,TRUE
"2019-08-19","Gargantua","android",1616,706,431,335,267,43.69,26.67,20.73,16.52,TRUE,TRUE,TRUE,TRUE
"2019-08-19","Gargantua","ios",987,480,322,234,196,48.63,32.62,23.71,19.86,TRUE,TRUE,TRUE,TRUE
"2019-08-19","Gotham","android",552,228,166,127,78,41.3,30.07,23.01,14.13,TRUE,TRUE,TRUE,TRUE
"2019-08-19","Gotham","ios",443,169,114,81,66,38.15,25.73,18.28,14.9,TRUE,TRUE,TRUE,TRUE
"2019-08-19","Krypton","android",170,75,49,38,29,44.12,28.82,22.35,17.06,TRUE,TRUE,TRUE,TRUE
"2019-08-19","Krypton","ios",184,85,58,45,32,46.2,31.52,24.46,17.39,TRUE,TRUE,TRUE,TRUE
"2019-08-19","Mordor","android",272,117,84,55,43,43.01,30.88,20.22,15.81,TRUE,TRUE,TRUE,TRUE
"2019-08-19","Mordor","ios",333,153,111,90,70,45.95,33.33,27.03,21.02,TRUE,TRUE,TRUE,TRUE
"2019-08-19","Tatooine","android",908,383,277,208,162,42.18,30.51,22.91,17.84,TRUE,TRUE,TRUE,TRUE
"2019-08-19","Tatooine","ios",946,438,298,260,206,46.3,31.5,27.48,21.78,TRUE,TRUE,TRUE,TRUE
"2019-08-20","Asgard","android",245,86,53,39,28,35.1,21.63,15.92,11.43,TRUE,TRUE,TRUE,TRUE
"2019-08-20","Asgard","ios",158,53,33,22,18,33.54,20.89,13.92,11.39,TRUE,TRUE,TRUE,TRUE
"2019-08-20","Gargantua","android",1455,592,406,312,234,40.69,27.9,21.44,16.08,TRUE,TRUE,TRUE,TRUE
"2019-08-20","Gargantua","ios",920,447,331,274,212,48.59,35.98,29.78,23.04,TRUE,TRUE,TRUE,TRUE
"2019-08-20","Gotham","android",515,233,149,111,90,45.24,28.93,21.55,17.48,TRUE,TRUE,TRUE,TRUE
"2019-08-20","Gotham","ios",373,156,106,82,76,41.82,28.42,21.98,20.38,TRUE,TRUE,TRUE,TRUE
"2019-08-20","Krypton","android",132,70,46,43,29,53.03,34.85,32.58,21.97,TRUE,TRUE,TRUE,TRUE
"2019-08-20","Krypton","ios",186,99,60,48,37,53.23,32.26,25.81,19.89,TRUE,TRUE,TRUE,TRUE
"2019-08-20","Mordor","android",305,128,99,62,43,41.97,32.46,20.33,14.1,TRUE,TRUE,TRUE,TRUE
"2019-08-20","Mordor","ios",275,134,107,83,58,48.73,38.91,30.18,21.09,TRUE,TRUE,TRUE,TRUE
"2019-08-20","Tatooine","android",832,384,258,213,166,46.15,31.01,25.6,19.95,TRUE,TRUE,TRUE,TRUE
"2019-08-20","Tatooine","ios",936,471,356,281,256,50.32,38.03,30.02,27.35,TRUE,TRUE,TRUE,TRUE
"2019-08-21","Asgard","android",259,85,45,33,19,32.82,17.37,12.74,7.34,TRUE,TRUE,TRUE,TRUE
"2019-08-21","Asgard","ios",146,51,32,28,25,34.93,21.92,19.18,17.12,TRUE,TRUE,TRUE,TRUE
"2019-08-21","Gargantua","android",1359,590,388,299,245,43.41,28.55,22,18.03,TRUE,TRUE,TRUE,TRUE
"2019-08-21","Gargantua","ios",1063,488,311,254,193,45.91,29.26,23.89,18.16,TRUE,TRUE,TRUE,TRUE
"2019-08-21","Gotham","android",495,185,128,93,71,37.37,25.86,18.79,14.34,TRUE,TRUE,TRUE,TRUE
"2019-08-21","Gotham","ios",400,177,125,97,79,44.25,31.25,24.25,19.75,TRUE,TRUE,TRUE,TRUE
"2019-08-21","Krypton","android",154,68,40,37,31,44.16,25.97,24.03,20.13,TRUE,TRUE,TRUE,TRUE
"2019-08-21","Krypton","ios",171,81,57,40,38,47.37,33.33,23.39,22.22,TRUE,TRUE,TRUE,TRUE
"2019-08-21","Mordor","android",240,88,67,41,36,36.67,27.92,17.08,15,TRUE,TRUE,TRUE,TRUE
"2019-08-21","Mordor","ios",324,158,112,89,79,48.77,34.57,27.47,24.38,TRUE,TRUE,TRUE,TRUE
"2019-08-21","Tatooine","android",775,344,249,201,166,44.39,32.13,25.94,21.42,TRUE,TRUE,TRUE,TRUE
"2019-08-21","Tatooine","ios",826,413,290,242,199,50,35.11,29.3,24.09,TRUE,TRUE,TRUE,TRUE
"2019-08-22","Asgard","android",275,85,48,26,24,30.91,17.45,9.45,8.73,TRUE,TRUE,TRUE,TRUE
"2019-08-22","Asgard","ios",134,50,30,22,17,37.31,22.39,16.42,12.69,TRUE,TRUE,TRUE,TRUE
"2019-08-22","Gargantua","android",1361,598,372,310,245,43.94,27.33,22.78,18,TRUE,TRUE,TRUE,TRUE
"2019-08-22","Gargantua","ios",1064,455,318,240,177,42.76,29.89,22.56,16.64,TRUE,TRUE,TRUE,TRUE
"2019-08-22","Gotham","android",590,235,152,102,87,39.83,25.76,17.29,14.75,TRUE,TRUE,TRUE,TRUE
"2019-08-22","Gotham","ios",430,174,118,78,63,40.47,27.44,18.14,14.65,TRUE,TRUE,TRUE,TRUE
"2019-08-22","Krypton","android",171,72,50,36,32,42.11,29.24,21.05,18.71,TRUE,TRUE,TRUE,TRUE
"2019-08-22","Krypton","ios",216,107,75,57,38,49.54,34.72,26.39,17.59,TRUE,TRUE,TRUE,TRUE
"2019-08-22","Mordor","android",287,110,66,51,36,38.33,23,17.77,12.54,TRUE,TRUE,TRUE,TRUE
"2019-08-22","Mordor","ios",301,140,90,69,51,46.51,29.9,22.92,16.94,TRUE,TRUE,TRUE,TRUE
"2019-08-22","Tatooine","android",827,376,271,177,145,45.47,32.77,21.4,17.53,TRUE,TRUE,TRUE,TRUE
"2019-08-22","Tatooine","ios",958,463,311,245,205,48.33,32.46,25.57,21.4,TRUE,TRUE,TRUE,TRUE
"2019-08-23","Asgard","android",326,102,62,42,36,31.29,19.02,12.88,11.04,TRUE,TRUE,TRUE,TRUE
"2019-08-23","Asgard","ios",198,73,56,49,37,36.87,28.28,24.75,18.69,TRUE,TRUE,TRUE,TRUE
"2019-08-23","Gargantua","android",1394,577,409,309,236,41.39,29.34,22.17,16.93,TRUE,TRUE,TRUE,TRUE
"2019-08-23","Gargantua","ios",1193,517,347,268,206,43.34,29.09,22.46,17.27,TRUE,TRUE,TRUE,TRUE
"2019-08-23","Gotham","android",691,262,168,120,113,37.92,24.31,17.37,16.35,TRUE,TRUE,TRUE,TRUE
"2019-08-23","Gotham","ios",575,222,133,104,82,38.61,23.13,18.09,14.26,TRUE,TRUE,TRUE,TRUE
"2019-08-23","Krypton","android",284,142,95,64,50,50,33.45,22.54,17.61,TRUE,TRUE,TRUE,TRUE
"2019-08-23","Krypton","ios",277,122,78,63,57,44.04,28.16,22.74,20.58,TRUE,TRUE,TRUE,TRUE
"2019-08-23","Mordor","android",372,164,101,77,77,44.09,27.15,20.7,20.7,TRUE,TRUE,TRUE,TRUE
"2019-08-23","Mordor","ios",415,194,115,95,85,46.75,27.71,22.89,20.48,TRUE,TRUE,TRUE,TRUE
"2019-08-23","Tatooine","android",1047,453,297,233,182,43.27,28.37,22.25,17.38,TRUE,TRUE,TRUE,TRUE
"2019-08-23","Tatooine","ios",1158,558,373,312,257,48.19,32.21,26.94,22.19,TRUE,TRUE,TRUE,TRUE
"2019-08-24","Asgard","android",333,107,62,51,33,32.13,18.62,15.32,9.91,TRUE,TRUE,TRUE,TRUE
"2019-08-24","Asgard","ios",244,100,52,38,34,40.98,21.31,15.57,13.93,TRUE,TRUE,TRUE,TRUE
"2019-08-24","Gargantua","android",1551,629,421,299,254,40.55,27.14,19.28,16.38,TRUE,TRUE,TRUE,TRUE
"2019-08-24","Gargantua","ios",1314,601,423,316,270,45.74,32.19,24.05,20.55,TRUE,TRUE,TRUE,TRUE
"2019-08-24","Gotham","android",860,302,186,132,105,35.12,21.63,15.35,12.21,TRUE,TRUE,TRUE,TRUE
"2019-08-24","Gotham","ios",619,248,146,112,100,40.06,23.59,18.09,16.16,TRUE,TRUE,TRUE,TRUE
"2019-08-24","Krypton","android",342,152,90,69,54,44.44,26.32,20.18,15.79,TRUE,TRUE,TRUE,TRUE
"2019-08-24","Krypton","ios",323,138,78,72,55,42.72,24.15,22.29,17.03,TRUE,TRUE,TRUE,TRUE
"2019-08-24","Mordor","android",473,180,112,84,63,38.05,23.68,17.76,13.32,TRUE,TRUE,TRUE,TRUE
"2019-08-24","Mordor","ios",497,231,135,113,88,46.48,27.16,22.74,17.71,TRUE,TRUE,TRUE,TRUE
"2019-08-24","Tatooine","android",1339,578,389,319,265,43.17,29.05,23.82,19.79,TRUE,TRUE,TRUE,TRUE
"2019-08-24","Tatooine","ios",1531,722,513,402,368,47.16,33.51,26.26,24.04,TRUE,TRUE,TRUE,TRUE
"2019-08-25","Asgard","android",351,100,70,47,32,28.49,19.94,13.39,9.12,TRUE,TRUE,TRUE,TRUE
"2019-08-25","Asgard","ios",257,98,55,39,35,38.13,21.4,15.18,13.62,TRUE,TRUE,TRUE,TRUE
"2019-08-25","Gargantua","android",1562,619,448,295,267,39.63,28.68,18.89,17.09,TRUE,TRUE,TRUE,TRUE
"2019-08-25","Gargantua","ios",1260,573,383,283,232,45.48,30.4,22.46,18.41,TRUE,TRUE,TRUE,TRUE
"2019-08-25","Gotham","android",849,278,182,136,116,32.74,21.44,16.02,13.66,TRUE,TRUE,TRUE,TRUE
"2019-08-25","Gotham","ios",610,218,138,118,84,35.74,22.62,19.34,13.77,TRUE,TRUE,TRUE,TRUE
"2019-08-25","Krypton","android",367,142,95,76,65,38.69,25.89,20.71,17.71,TRUE,TRUE,TRUE,TRUE
"2019-08-25","Krypton","ios",297,123,99,73,55,41.41,33.33,24.58,18.52,TRUE,TRUE,TRUE,TRUE
"2019-08-25","Mordor","android",422,159,112,86,76,37.68,26.54,20.38,18.01,TRUE,TRUE,TRUE,TRUE
"2019-08-25","Mordor","ios",473,195,135,110,98,41.23,28.54,23.26,20.72,TRUE,TRUE,TRUE,TRUE
"2019-08-25","Tatooine","android",1354,575,407,311,272,42.47,30.06,22.97,20.09,TRUE,TRUE,TRUE,TRUE
"2019-08-25","Tatooine","ios",1421,663,477,388,329,46.66,33.57,27.3,23.15,TRUE,TRUE,TRUE,TRUE
"2019-08-26","Asgard","android",257,93,52,44,34,36.19,20.23,17.12,13.23,TRUE,TRUE,TRUE,TRUE
"2019-08-26","Asgard","ios",193,82,60,45,35,42.49,31.09,23.32,18.13,TRUE,TRUE,TRUE,TRUE
"2019-08-26","Gargantua","android",1514,608,407,274,228,40.16,26.88,18.1,15.06,TRUE,TRUE,TRUE,TRUE
"2019-08-26","Gargantua","ios",1265,565,374,277,224,44.66,29.57,21.9,17.71,TRUE,TRUE,TRUE,TRUE
"2019-08-26","Gotham","android",658,232,155,102,79,35.26,23.56,15.5,12.01,TRUE,TRUE,TRUE,TRUE
"2019-08-26","Gotham","ios",448,206,147,110,89,45.98,32.81,24.55,19.87,TRUE,TRUE,TRUE,TRUE
"2019-08-26","Krypton","android",222,97,65,49,43,43.69,29.28,22.07,19.37,TRUE,TRUE,TRUE,TRUE
"2019-08-26","Krypton","ios",187,86,58,46,44,45.99,31.02,24.6,23.53,TRUE,TRUE,TRUE,TRUE
"2019-08-26","Mordor","android",377,156,99,70,60,41.38,26.26,18.57,15.92,TRUE,TRUE,TRUE,TRUE
"2019-08-26","Mordor","ios",320,159,112,87,76,49.69,35,27.19,23.75,TRUE,TRUE,TRUE,TRUE
"2019-08-26","Tatooine","android",1049,445,290,228,184,42.42,27.65,21.73,17.54,TRUE,TRUE,TRUE,TRUE
"2019-08-26","Tatooine","ios",1114,544,375,293,256,48.83,33.66,26.3,22.98,TRUE,TRUE,TRUE,TRUE
"2019-08-27","Asgard","android",256,96,62,51,43,37.5,24.22,19.92,16.8,TRUE,TRUE,TRUE,TRUE
"2019-08-27","Asgard","ios",193,77,52,39,35,39.9,26.94,20.21,18.13,TRUE,TRUE,TRUE,TRUE
"2019-08-27","Gargantua","android",1529,659,453,349,270,43.1,29.63,22.83,17.66,TRUE,TRUE,TRUE,TRUE
"2019-08-27","Gargantua","ios",1335,634,413,324,272,47.49,30.94,24.27,20.37,TRUE,TRUE,TRUE,TRUE
"2019-08-27","Gotham","android",550,231,146,116,92,42,26.55,21.09,16.73,TRUE,TRUE,TRUE,TRUE
"2019-08-27","Gotham","ios",399,161,118,74,64,40.35,29.57,18.55,16.04,TRUE,TRUE,TRUE,TRUE
"2019-08-27","Krypton","android",198,97,58,56,47,48.99,29.29,28.28,23.74,TRUE,TRUE,TRUE,TRUE
"2019-08-27","Krypton","ios",167,86,60,49,44,51.5,35.93,29.34,26.35,TRUE,TRUE,TRUE,TRUE
"2019-08-27","Mordor","android",327,125,83,75,63,38.23,25.38,22.94,19.27,TRUE,TRUE,TRUE,TRUE
"2019-08-27","Mordor","ios",305,145,102,81,70,47.54,33.44,26.56,22.95,TRUE,TRUE,TRUE,TRUE
"2019-08-27","Tatooine","android",1075,468,307,265,220,43.53,28.56,24.65,20.47,TRUE,TRUE,TRUE,TRUE
"2019-08-27","Tatooine","ios",1013,496,337,278,226,48.96,33.27,27.44,22.31,TRUE,TRUE,TRUE,TRUE
"2019-08-28","Asgard","android",276,97,63,47,36,35.14,22.83,17.03,13.04,TRUE,TRUE,TRUE,TRUE
"2019-08-28","Asgard","ios",197,77,55,48,43,39.09,27.92,24.37,21.83,TRUE,TRUE,TRUE,TRUE
"2019-08-28","Gargantua","android",1303,565,348,283,242,43.36,26.71,21.72,18.57,TRUE,TRUE,TRUE,TRUE
"2019-08-28","Gargantua","ios",1147,515,324,264,233,44.9,28.25,23.02,20.31,TRUE,TRUE,TRUE,TRUE
"2019-08-28","Gotham","android",570,231,135,115,90,40.53,23.68,20.18,15.79,TRUE,TRUE,TRUE,TRUE
"2019-08-28","Gotham","ios",360,165,107,95,82,45.83,29.72,26.39,22.78,TRUE,TRUE,TRUE,TRUE
"2019-08-28","Krypton","android",233,108,62,55,51,46.35,26.61,23.61,21.89,TRUE,TRUE,TRUE,TRUE
"2019-08-28","Krypton","ios",202,105,72,59,57,51.98,35.64,29.21,28.22,TRUE,TRUE,TRUE,TRUE
"2019-08-28","Mordor","android",302,129,90,73,51,42.72,29.8,24.17,16.89,TRUE,TRUE,TRUE,TRUE
"2019-08-28","Mordor","ios",320,146,97,86,75,45.63,30.31,26.88,23.44,TRUE,TRUE,TRUE,TRUE
"2019-08-28","Tatooine","android",974,454,300,284,234,46.61,30.8,29.16,24.02,TRUE,TRUE,TRUE,TRUE
"2019-08-28","Tatooine","ios",1028,516,363,309,263,50.19,35.31,30.06,25.58,TRUE,TRUE,TRUE,TRUE
"2019-08-29","Asgard","android",181,53,32,28,17,29.28,17.68,15.47,9.39,TRUE,TRUE,TRUE,TRUE
"2019-08-29","Asgard","ios",134,54,43,32,25,40.3,32.09,23.88,18.66,TRUE,TRUE,TRUE,TRUE
"2019-08-29","Gargantua","android",1202,506,317,271,219,42.1,26.37,22.55,18.22,TRUE,TRUE,TRUE,TRUE
"2019-08-29","Gargantua","ios",1088,506,339,279,235,46.51,31.16,25.64,21.6,TRUE,TRUE,TRUE,TRUE
"2019-08-29","Gotham","android",467,173,108,82,60,37.04,23.13,17.56,12.85,TRUE,TRUE,TRUE,TRUE
"2019-08-29","Gotham","ios",356,162,103,79,69,45.51,28.93,22.19,19.38,TRUE,TRUE,TRUE,TRUE
"2019-08-29","Krypton","android",213,82,63,52,34,38.5,29.58,24.41,15.96,TRUE,TRUE,TRUE,TRUE
"2019-08-29","Krypton","ios",145,72,51,44,39,49.66,35.17,30.34,26.9,TRUE,TRUE,TRUE,TRUE
"2019-08-29","Mordor","android",280,110,73,59,43,39.29,26.07,21.07,15.36,TRUE,TRUE,TRUE,TRUE
"2019-08-29","Mordor","ios",254,122,78,65,63,48.03,30.71,25.59,24.8,TRUE,TRUE,TRUE,TRUE
"2019-08-29","Tatooine","android",917,420,306,240,193,45.8,33.37,26.17,21.05,TRUE,TRUE,TRUE,TRUE
"2019-08-29","Tatooine","ios",914,444,306,271,213,48.58,33.48,29.65,23.3,TRUE,TRUE,TRUE,TRUE
"2019-08-30","Asgard","android",216,58,33,27,20,26.85,15.28,12.5,9.26,TRUE,TRUE,TRUE,TRUE
"2019-08-30","Asgard","ios",182,59,40,28,24,32.42,21.98,15.38,13.19,TRUE,TRUE,TRUE,TRUE
"2019-08-30","Gargantua","android",1058,408,305,240,172,38.56,28.83,22.68,16.26,TRUE,TRUE,TRUE,TRUE
"2019-08-30","Gargantua","ios",1051,408,311,211,184,38.82,29.59,20.08,17.51,TRUE,TRUE,TRUE,TRUE
"2019-08-30","Gotham","android",479,216,116,84,79,45.09,24.22,17.54,16.49,TRUE,TRUE,TRUE,TRUE
"2019-08-30","Gotham","ios",392,191,100,81,77,48.72,25.51,20.66,19.64,TRUE,TRUE,TRUE,TRUE
"2019-08-30","Krypton","android",206,76,55,36,30,36.89,26.7,17.48,14.56,TRUE,TRUE,TRUE,TRUE
"2019-08-30","Krypton","ios",187,77,53,47,34,41.18,28.34,25.13,18.18,TRUE,TRUE,TRUE,TRUE
"2019-08-30","Mordor","android",245,95,61,58,42,38.78,24.9,23.67,17.14,TRUE,TRUE,TRUE,TRUE
"2019-08-30","Mordor","ios",275,104,76,66,59,37.82,27.64,24,21.45,TRUE,TRUE,TRUE,TRUE
"2019-08-30","Tatooine","android",918,382,247,201,170,41.61,26.91,21.9,18.52,TRUE,TRUE,TRUE,TRUE
"2019-08-30","Tatooine","ios",975,410,294,244,204,42.05,30.15,25.03,20.92,TRUE,TRUE,TRUE,TRUE
"2019-08-31","Asgard","android",276,103,62,53,38,37.32,22.46,19.2,13.77,TRUE,TRUE,TRUE,TRUE
"2019-08-31","Asgard","ios",223,76,35,36,25,34.08,15.7,16.14,11.21,TRUE,TRUE,TRUE,TRUE
"2019-08-31","Gargantua","android",1144,460,287,228,191,40.21,25.09,19.93,16.7,TRUE,TRUE,TRUE,TRUE
"2019-08-31","Gargantua","ios",1012,423,291,243,202,41.8,28.75,24.01,19.96,TRUE,TRUE,TRUE,TRUE
"2019-08-31","Gotham","android",671,223,125,104,88,33.23,18.63,15.5,13.11,TRUE,TRUE,TRUE,TRUE
"2019-08-31","Gotham","ios",467,213,106,101,69,45.61,22.7,21.63,14.78,TRUE,TRUE,TRUE,TRUE
"2019-08-31","Krypton","android",236,102,53,43,34,43.22,22.46,18.22,14.41,TRUE,TRUE,TRUE,TRUE
"2019-08-31","Krypton","ios",244,117,68,50,47,47.95,27.87,20.49,19.26,TRUE,TRUE,TRUE,TRUE
"2019-08-31","Mordor","android",271,94,66,52,45,34.69,24.35,19.19,16.61,TRUE,TRUE,TRUE,TRUE
"2019-08-31","Mordor","ios",355,139,88,72,58,39.15,24.79,20.28,16.34,TRUE,TRUE,TRUE,TRUE
"2019-08-31","Tatooine","android",1125,466,296,275,220,41.42,26.31,24.44,19.56,TRUE,TRUE,TRUE,TRUE
"2019-08-31","Tatooine","ios",1072,511,323,285,246,47.67,30.13,26.59,22.95,TRUE,TRUE,TRUE,TRUE
"2019-09-01","Asgard","android",332,97,60,69,52,29.22,18.07,20.78,15.66,TRUE,TRUE,TRUE,TRUE
"2019-09-01","Asgard","ios",263,76,58,53,45,28.9,22.05,20.15,17.11,TRUE,TRUE,TRUE,TRUE
"2019-09-01","Gargantua","android",1197,526,311,271,214,43.94,25.98,22.64,17.88,TRUE,TRUE,TRUE,TRUE
"2019-09-01","Gargantua","ios",1013,434,261,234,201,42.84,25.77,23.1,19.84,TRUE,TRUE,TRUE,TRUE
"2019-09-01","Gotham","android",696,201,136,124,91,28.88,19.54,17.82,13.07,TRUE,TRUE,TRUE,TRUE
"2019-09-01","Gotham","ios",553,207,137,104,86,37.43,24.77,18.81,15.55,TRUE,TRUE,TRUE,TRUE
"2019-09-01","Krypton","android",252,97,74,58,43,38.49,29.37,23.02,17.06,TRUE,TRUE,TRUE,TRUE
"2019-09-01","Krypton","ios",263,121,75,68,51,46.01,28.52,25.86,19.39,TRUE,TRUE,TRUE,TRUE
"2019-09-01","Mordor","android",323,109,77,67,41,33.75,23.84,20.74,12.69,TRUE,TRUE,TRUE,TRUE
"2019-09-01","Mordor","ios",384,146,102,82,64,38.02,26.56,21.35,16.67,TRUE,TRUE,TRUE,TRUE
"2019-09-01","Tatooine","android",1041,400,290,240,201,38.42,27.86,23.05,19.31,TRUE,TRUE,TRUE,TRUE
"2019-09-01","Tatooine","ios",969,407,314,259,208,42,32.4,26.73,21.47,TRUE,TRUE,TRUE,TRUE
"2019-09-02","Asgard","android",190,56,43,29,0,29.47,22.63,15.26,,TRUE,TRUE,TRUE,FALSE
"2019-09-02","Asgard","ios",172,57,39,30,0,33.14,22.67,17.44,,TRUE,TRUE,TRUE,FALSE
"2019-09-02","Gargantua","android",1278,470,343,266,0,36.78,26.84,20.81,,TRUE,TRUE,TRUE,FALSE
"2019-09-02","Gargantua","ios",1137,460,298,233,0,40.46,26.21,20.49,,TRUE,TRUE,TRUE,FALSE
"2019-09-02","Gotham","android",486,184,133,92,0,37.86,27.37,18.93,,TRUE,TRUE,TRUE,FALSE
"2019-09-02","Gotham","ios",386,160,115,90,0,41.45,29.79,23.32,,TRUE,TRUE,TRUE,FALSE
"2019-09-02","Krypton","android",179,78,61,43,0,43.58,34.08,24.02,,TRUE,TRUE,TRUE,FALSE
"2019-09-02","Krypton","ios",203,97,67,54,0,47.78,33,26.6,,TRUE,TRUE,TRUE,FALSE
"2019-09-02","Mordor","android",220,90,61,55,0,40.91,27.73,25,,TRUE,TRUE,TRUE,FALSE
"2019-09-02","Mordor","ios",282,136,87,72,0,48.23,30.85,25.53,,TRUE,TRUE,TRUE,FALSE
"2019-09-02","Tatooine","android",740,335,252,199,0,45.27,34.05,26.89,,TRUE,TRUE,TRUE,FALSE
"2019-09-02","Tatooine","ios",709,347,255,189,0,48.94,35.97,26.66,,TRUE,TRUE,TRUE,FALSE
"2019-09-03","Asgard","android",153,49,37,25,0,32.03,24.18,16.34,,TRUE,TRUE,TRUE,FALSE
"2019-09-03","Asgard","ios",144,61,49,39,0,42.36,34.03,27.08,,TRUE,TRUE,TRUE,FALSE
"2019-09-03","Gargantua","android",964,453,317,261,0,46.99,32.88,27.07,,TRUE,TRUE,TRUE,FALSE
"2019-09-03","Gargantua","ios",871,405,282,222,0,46.5,32.38,25.49,,TRUE,TRUE,TRUE,FALSE
"2019-09-03","Gotham","android",448,177,117,97,0,39.51,26.12,21.65,,TRUE,TRUE,TRUE,FALSE
"2019-09-03","Gotham","ios",337,155,101,84,0,45.99,29.97,24.93,,TRUE,TRUE,TRUE,FALSE
"2019-09-03","Krypton","android",168,72,55,37,0,42.86,32.74,22.02,,TRUE,TRUE,TRUE,FALSE
"2019-09-03","Krypton","ios",157,73,53,40,0,46.5,33.76,25.48,,TRUE,TRUE,TRUE,FALSE
"2019-09-03","Mordor","android",200,77,49,40,0,38.5,24.5,20,,TRUE,TRUE,TRUE,FALSE
"2019-09-03","Mordor","ios",269,117,74,72,0,43.49,27.51,26.77,,TRUE,TRUE,TRUE,FALSE
"2019-09-03","Tatooine","android",701,326,238,194,0,46.5,33.95,27.67,,TRUE,TRUE,TRUE,FALSE
"2019-09-03","Tatooine","ios",716,360,295,224,0,50.28,41.2,31.28,,TRUE,TRUE,TRUE,FALSE
"2019-09-04","Asgard","android",160,59,35,31,0,36.88,21.88,19.38,,TRUE,TRUE,TRUE,FALSE
"2019-09-04","Asgard","ios",135,58,46,31,0,42.96,34.07,22.96,,TRUE,TRUE,TRUE,FALSE
"2019-09-04","Gargantua","android",784,339,217,196,0,43.24,27.68,25,,TRUE,TRUE,TRUE,FALSE
"2019-09-04","Gargantua","ios",658,293,214,175,0,44.53,32.52,26.6,,TRUE,TRUE,TRUE,FALSE
"2019-09-04","Gotham","android",397,145,98,75,0,36.52,24.69,18.89,,TRUE,TRUE,TRUE,FALSE
"2019-09-04","Gotham","ios",307,125,83,67,0,40.72,27.04,21.82,,TRUE,TRUE,TRUE,FALSE
"2019-09-04","Krypton","android",168,74,46,37,0,44.05,27.38,22.02,,TRUE,TRUE,TRUE,FALSE
"2019-09-04","Krypton","ios",145,70,44,36,0,48.28,30.34,24.83,,TRUE,TRUE,TRUE,FALSE
"2019-09-04","Mordor","android",190,73,52,41,0,38.42,27.37,21.58,,TRUE,TRUE,TRUE,FALSE
"2019-09-04","Mordor","ios",223,96,75,61,0,43.05,33.63,27.35,,TRUE,TRUE,TRUE,FALSE
"2019-09-04","Tatooine","android",684,311,224,165,0,45.47,32.75,24.12,,TRUE,TRUE,TRUE,FALSE
"2019-09-04","Tatooine","ios",671,346,245,195,0,51.56,36.51,29.06,,TRUE,TRUE,TRUE,FALSE
"2019-09-05","Asgard","android",163,65,39,26,0,39.88,23.93,15.95,,TRUE,TRUE,TRUE,FALSE
"2019-09-05","Asgard","ios",129,56,36,32,0,43.41,27.91,24.81,,TRUE,TRUE,TRUE,FALSE
"2019-09-05","Gargantua","android",727,335,232,184,0,46.08,31.91,25.31,,TRUE,TRUE,TRUE,FALSE
"2019-09-05","Gargantua","ios",546,249,183,144,0,45.6,33.52,26.37,,TRUE,TRUE,TRUE,FALSE
"2019-09-05","Gotham","android",449,167,102,82,0,37.19,22.72,18.26,,TRUE,TRUE,TRUE,FALSE
"2019-09-05","Gotham","ios",284,110,78,55,0,38.73,27.46,19.37,,TRUE,TRUE,TRUE,FALSE
"2019-09-05","Krypton","android",148,59,48,36,0,39.86,32.43,24.32,,TRUE,TRUE,TRUE,FALSE
"2019-09-05","Krypton","ios",125,53,45,34,0,42.4,36,27.2,,TRUE,TRUE,TRUE,FALSE
"2019-09-05","Mordor","android",204,92,65,48,0,45.1,31.86,23.53,,TRUE,TRUE,TRUE,FALSE
"2019-09-05","Mordor","ios",173,84,61,47,0,48.55,35.26,27.17,,TRUE,TRUE,TRUE,FALSE
"2019-09-05","Tatooine","android",701,315,212,177,0,44.94,30.24,25.25,,TRUE,TRUE,TRUE,FALSE
"2019-09-05","Tatooine","ios",606,296,210,172,0,48.84,34.65,28.38,,TRUE,TRUE,TRUE,FALSE
"2019-09-06","Asgard","android",180,59,44,32,0,32.78,24.44,17.78,,TRUE,TRUE,TRUE,FALSE
"2019-09-06","Asgard","ios",106,49,33,34,0,46.23,31.13,32.08,,TRUE,TRUE,TRUE,FALSE
"2019-09-06","Gargantua","android",853,378,254,202,0,44.31,29.78,23.68,,TRUE,TRUE,TRUE,FALSE
"2019-09-06","Gargantua","ios",607,311,208,158,0,51.24,34.27,26.03,,TRUE,TRUE,TRUE,FALSE
"2019-09-06","Gotham","android",403,147,95,71,0,36.48,23.57,17.62,,TRUE,TRUE,TRUE,FALSE
"2019-09-06","Gotham","ios",289,123,70,56,0,42.56,24.22,19.38,,TRUE,TRUE,TRUE,FALSE
"2019-09-06","Krypton","android",152,63,54,38,0,41.45,35.53,25,,TRUE,TRUE,TRUE,FALSE
"2019-09-06","Krypton","ios",127,58,39,41,0,45.67,30.71,32.28,,TRUE,TRUE,TRUE,FALSE
"2019-09-06","Mordor","android",208,89,55,45,0,42.79,26.44,21.63,,TRUE,TRUE,TRUE,FALSE
"2019-09-06","Mordor","ios",205,92,66,52,0,44.88,32.2,25.37,,TRUE,TRUE,TRUE,FALSE
"2019-09-06","Tatooine","android",820,369,245,211,0,45,29.88,25.73,,TRUE,TRUE,TRUE,FALSE
"2019-09-06","Tatooine","ios",693,329,228,193,0,47.47,32.9,27.85,,TRUE,TRUE,TRUE,FALSE
"2019-09-07","Asgard","android",206,68,31,27,0,33.01,15.05,13.11,,TRUE,TRUE,TRUE,FALSE
"2019-09-07","Asgard","ios",156,65,36,33,0,41.67,23.08,21.15,,TRUE,TRUE,TRUE,FALSE
"2019-09-07","Gargantua","android",1153,483,307,261,0,41.89,26.63,22.64,,TRUE,TRUE,TRUE,FALSE
"2019-09-07","Gargantua","ios",801,361,225,200,0,45.07,28.09,24.97,,TRUE,TRUE,TRUE,FALSE
"2019-09-07","Gotham","android",601,217,104,86,0,36.11,17.3,14.31,,TRUE,TRUE,TRUE,FALSE
"2019-09-07","Gotham","ios",432,192,112,86,0,44.44,25.93,19.91,,TRUE,TRUE,TRUE,FALSE
"2019-09-07","Krypton","android",233,84,52,47,0,36.05,22.32,20.17,,TRUE,TRUE,TRUE,FALSE
"2019-09-07","Krypton","ios",192,86,55,42,0,44.79,28.65,21.88,,TRUE,TRUE,TRUE,FALSE
"2019-09-07","Mordor","android",266,104,63,53,0,39.1,23.68,19.92,,TRUE,TRUE,TRUE,FALSE
"2019-09-07","Mordor","ios",246,103,60,55,0,41.87,24.39,22.36,,TRUE,TRUE,TRUE,FALSE
"2019-09-07","Tatooine","android",965,394,267,212,0,40.83,27.67,21.97,,TRUE,TRUE,TRUE,FALSE
"2019-09-07","Tatooine","ios",952,432,318,261,0,45.38,33.4,27.42,,TRUE,TRUE,TRUE,FALSE
"2019-09-08","Asgard","android",223,58,46,36,0,26.01,20.63,16.14,,TRUE,TRUE,TRUE,FALSE
"2019-09-08","Asgard","ios",188,76,55,51,0,40.43,29.26,27.13,,TRUE,TRUE,TRUE,FALSE
"2019-09-08","Gargantua","android",1165,414,291,262,0,35.54,24.98,22.49,,TRUE,TRUE,TRUE,FALSE
"2019-09-08","Gargantua","ios",870,354,264,228,0,40.69,30.34,26.21,,TRUE,TRUE,TRUE,FALSE
"2019-09-08","Gotham","android",598,187,128,105,0,31.27,21.4,17.56,,TRUE,TRUE,TRUE,FALSE
"2019-09-08","Gotham","ios",424,144,97,83,0,33.96,22.88,19.58,,TRUE,TRUE,TRUE,FALSE
"2019-09-08","Krypton","android",221,82,51,45,0,37.1,23.08,20.36,,TRUE,TRUE,TRUE,FALSE
"2019-09-08","Krypton","ios",179,73,51,46,0,40.78,28.49,25.7,,TRUE,TRUE,TRUE,FALSE
"2019-09-08","Mordor","android",244,98,66,49,0,40.16,27.05,20.08,,TRUE,TRUE,TRUE,FALSE
"2019-09-08","Mordor","ios",293,115,92,72,0,39.25,31.4,24.57,,TRUE,TRUE,TRUE,FALSE
"2019-09-08","Tatooine","android",926,389,262,208,0,42.01,28.29,22.46,,TRUE,TRUE,TRUE,FALSE
"2019-09-08","Tatooine","ios",844,376,269,237,0,44.55,31.87,28.08,,TRUE,TRUE,TRUE,FALSE
"2019-09-09","Asgard","android",123,44,29,0,0,35.77,23.58,,,TRUE,TRUE,FALSE,FALSE
"2019-09-09","Asgard","ios",118,56,37,0,0,47.46,31.36,,,TRUE,TRUE,FALSE,FALSE
"2019-09-09","Gargantua","android",869,373,257,0,0,42.92,29.57,,,TRUE,TRUE,FALSE,FALSE
"2019-09-09","Gargantua","ios",601,277,195,0,0,46.09,32.45,,,TRUE,TRUE,FALSE,FALSE
"2019-09-09","Gotham","android",409,130,80,0,0,31.78,19.56,,,TRUE,TRUE,FALSE,FALSE
"2019-09-09","Gotham","ios",256,106,67,0,0,41.41,26.17,,,TRUE,TRUE,FALSE,FALSE
"2019-09-09","Krypton","android",149,63,42,0,0,42.28,28.19,,,TRUE,TRUE,FALSE,FALSE
"2019-09-09","Krypton","ios",123,54,41,0,0,43.9,33.33,,,TRUE,TRUE,FALSE,FALSE
"2019-09-09","Mordor","android",210,77,49,0,0,36.67,23.33,,,TRUE,TRUE,FALSE,FALSE
"2019-09-09","Mordor","ios",171,70,49,0,0,40.94,28.65,,,TRUE,TRUE,FALSE,FALSE
"2019-09-09","Tatooine","android",716,319,225,0,0,44.55,31.42,,,TRUE,TRUE,FALSE,FALSE
"2019-09-09","Tatooine","ios",580,287,214,0,0,49.48,36.9,,,TRUE,TRUE,FALSE,FALSE
"2019-09-10","Asgard","android",144,45,28,0,0,31.25,19.44,,,TRUE,TRUE,FALSE,FALSE
"2019-09-10","Asgard","ios",77,42,32,0,0,54.55,41.56,,,TRUE,TRUE,FALSE,FALSE
"2019-09-10","Gargantua","android",786,362,248,0,0,46.06,31.55,,,TRUE,TRUE,FALSE,FALSE
"2019-09-10","Gargantua","ios",541,252,177,0,0,46.58,32.72,,,TRUE,TRUE,FALSE,FALSE
"2019-09-10","Gotham","android",435,167,95,0,0,38.39,21.84,,,TRUE,TRUE,FALSE,FALSE
"2019-09-10","Gotham","ios",251,97,65,0,0,38.65,25.9,,,TRUE,TRUE,FALSE,FALSE
"2019-09-10","Krypton","android",133,63,39,0,0,47.37,29.32,,,TRUE,TRUE,FALSE,FALSE
"2019-09-10","Krypton","ios",113,53,40,0,0,46.9,35.4,,,TRUE,TRUE,FALSE,FALSE
"2019-09-10","Mordor","android",214,96,55,0,0,44.86,25.7,,,TRUE,TRUE,FALSE,FALSE
"2019-09-10","Mordor","ios",194,86,66,0,0,44.33,34.02,,,TRUE,TRUE,FALSE,FALSE
"2019-09-10","Tatooine","android",658,285,196,0,0,43.31,29.79,,,TRUE,TRUE,FALSE,FALSE
"2019-09-10","Tatooine","ios",595,280,212,0,0,47.06,35.63,,,TRUE,TRUE,FALSE,FALSE
"2019-09-11","Asgard","android",158,52,33,0,0,32.91,20.89,,,TRUE,TRUE,FALSE,FALSE
"2019-09-11","Asgard","ios",125,57,31,0,0,45.6,24.8,,,TRUE,TRUE,FALSE,FALSE
"2019-09-11","Gargantua","android",680,291,219,0,0,42.79,32.21,,,TRUE,TRUE,FALSE,FALSE
"2019-09-11","Gargantua","ios",566,245,174,0,0,43.29,30.74,,,TRUE,TRUE,FALSE,FALSE
"2019-09-11","Gotham","android",367,136,100,0,0,37.06,27.25,,,TRUE,TRUE,FALSE,FALSE
"2019-09-11","Gotham","ios",237,115,79,0,0,48.52,33.33,,,TRUE,TRUE,FALSE,FALSE
"2019-09-11","Krypton","android",141,54,35,0,0,38.3,24.82,,,TRUE,TRUE,FALSE,FALSE
"2019-09-11","Krypton","ios",128,67,44,0,0,52.34,34.38,,,TRUE,TRUE,FALSE,FALSE
"2019-09-11","Mordor","android",185,82,54,0,0,44.32,29.19,,,TRUE,TRUE,FALSE,FALSE
"2019-09-11","Mordor","ios",157,62,47,0,0,39.49,29.94,,,TRUE,TRUE,FALSE,FALSE
"2019-09-11","Tatooine","android",619,262,184,0,0,42.33,29.73,,,TRUE,TRUE,FALSE,FALSE
"2019-09-11","Tatooine","ios",595,290,200,0,0,48.74,33.61,,,TRUE,TRUE,FALSE,FALSE
"2019-09-12","Asgard","android",121,47,32,0,0,38.84,26.45,,,TRUE,TRUE,FALSE,FALSE
"2019-09-12","Asgard","ios",97,50,34,0,0,51.55,35.05,,,TRUE,TRUE,FALSE,FALSE
"2019-09-12","Gargantua","android",648,303,214,0,0,46.76,33.02,,,TRUE,TRUE,FALSE,FALSE
"2019-09-12","Gargantua","ios",537,244,171,0,0,45.44,31.84,,,TRUE,TRUE,FALSE,FALSE
"2019-09-12","Gotham","android",317,105,87,0,0,33.12,27.44,,,TRUE,TRUE,FALSE,FALSE
"2019-09-12","Gotham","ios",248,107,70,0,0,43.15,28.23,,,TRUE,TRUE,FALSE,FALSE
"2019-09-12","Krypton","android",131,61,42,0,0,46.56,32.06,,,TRUE,TRUE,FALSE,FALSE
"2019-09-12","Krypton","ios",113,46,28,0,0,40.71,24.78,,,TRUE,TRUE,FALSE,FALSE
"2019-09-12","Mordor","android",174,68,54,0,0,39.08,31.03,,,TRUE,TRUE,FALSE,FALSE
"2019-09-12","Mordor","ios",180,92,64,0,0,51.11,35.56,,,TRUE,TRUE,FALSE,FALSE
"2019-09-12","Tatooine","android",595,239,180,0,0,40.17,30.25,,,TRUE,TRUE,FALSE,FALSE
"2019-09-12","Tatooine","ios",547,257,186,0,0,46.98,34,,,TRUE,TRUE,FALSE,FALSE
"2019-09-13","Asgard","android",96,34,0,0,0,35.42,,,,TRUE,FALSE,FALSE,FALSE
"2019-09-13","Asgard","ios",71,35,0,0,0,49.3,,,,TRUE,FALSE,FALSE,FALSE
"2019-09-13","Gargantua","android",654,261,0,0,0,39.91,,,,TRUE,FALSE,FALSE,FALSE
"2019-09-13","Gargantua","ios",450,205,0,0,0,45.56,,,,TRUE,FALSE,FALSE,FALSE
"2019-09-13","Gotham","android",233,107,0,0,0,45.92,,,,TRUE,FALSE,FALSE,FALSE
"2019-09-13","Gotham","ios",183,70,0,0,0,38.25,,,,TRUE,FALSE,FALSE,FALSE
"2019-09-13","Krypton","android",103,49,0,0,0,47.57,,,,TRUE,FALSE,FALSE,FALSE
"2019-09-13","Krypton","ios",103,49,0,0,0,47.57,,,,TRUE,FALSE,FALSE,FALSE
"2019-09-13","Mordor","android",110,43,0,0,0,39.09,,,,TRUE,FALSE,FALSE,FALSE
"2019-09-13","Mordor","ios",128,54,0,0,0,42.19,,,,TRUE,FALSE,FALSE,FALSE
"2019-09-13","Tatooine","android",670,273,0,0,0,40.75,,,,TRUE,FALSE,FALSE,FALSE
"2019-09-13","Tatooine","ios",531,217,0,0,0,40.87,,,,TRUE,FALSE,FALSE,FALSE
"2019-09-14","Asgard","android",99,43,0,0,0,43.43,,,,TRUE,FALSE,FALSE,FALSE
"2019-09-14","Asgard","ios",100,42,0,0,0,42,,,,TRUE,FALSE,FALSE,FALSE
"2019-09-14","Gargantua","android",832,338,0,0,0,40.63,,,,TRUE,FALSE,FALSE,FALSE
"2019-09-14","Gargantua","ios",600,287,0,0,0,47.83,,,,TRUE,FALSE,FALSE,FALSE
"2019-09-14","Gotham","android",319,132,0,0,0,41.38,,,,TRUE,FALSE,FALSE,FALSE
"2019-09-14","Gotham","ios",249,121,0,0,0,48.59,,,,TRUE,FALSE,FALSE,FALSE
"2019-09-14","Krypton","android",124,47,0,0,0,37.9,,,,TRUE,FALSE,FALSE,FALSE
"2019-09-14","Krypton","ios",151,69,0,0,0,45.7,,,,TRUE,FALSE,FALSE,FALSE
"2019-09-14","Mordor","android",170,76,0,0,0,44.71,,,,TRUE,FALSE,FALSE,FALSE
"2019-09-14","Mordor","ios",191,78,0,0,0,40.84,,,,TRUE,FALSE,FALSE,FALSE
"2019-09-14","Tatooine","android",714,286,0,0,0,40.06,,,,TRUE,FALSE,FALSE,FALSE
"2019-09-14","Tatooine","ios",567,263,0,0,0,46.38,,,,TRUE,FALSE,FALSE,FALSE
"2019-09-15","Asgard","android",106,0,0,0,0,,,,,FALSE,FALSE,FALSE,FALSE
"2019-09-15","Asgard","ios",119,0,0,0,0,,,,,FALSE,FALSE,FALSE,FALSE
"2019-09-15","Gargantua","android",870,0,0,0,0,,,,,FALSE,FALSE,FALSE,FALSE
"2019-09-15","Gargantua","ios",607,0,0,0,0,,,,,FALSE,FALSE,FALSE,FALSE
"2019-09-15","Gotham","android",317,0,0,0,0,,,,,FALSE,FALSE,FALSE,FALSE
"2019-09-15","Gotham","ios",245,0,0,0,0,,,,,FALSE,FALSE,FALSE,FALSE
"2019-09-15","Krypton","android",144,0,0,0,0,,,,,FALSE,FALSE,FALSE,FALSE
"2019-09-15","Krypton","ios",131,0,0,0,0,,,,,FALSE,FALSE,FALSE,FALSE
"2019-09-15","Mordor","android",166,0,0,0,0,,,,,FALSE,FALSE,FALSE,FALSE
"2019-09-15","Mordor","ios",186,0,0,0,0,,,,,FALSE,FALSE,FALSE,FALSE
"2019-09-15","Tatooine","android",642,0,0,0,0,,,,,FALSE,FALSE,FALSE,FALSE
"2019-09-15","Tatooine","ios",602,0,0,0,0,,,,,FALSE,FALSE,FALSE,FALSE
