"install_date","country","platform","installs_total","ltv_d1_usd","ltv_d7_usd","ltv_d14_usd","ltv_d30_usd","eligible_d1","eligible_d7","eligible_d14","eligible_d30"
"2019-08-01","Gargantua","android",248,0.0301,0.0134,0.017,,TRUE,TRUE,TRUE,TRUE
"2019-08-01","Gargantua","ios",199,0.0255,0.0083,0.0212,,TRUE,TRUE,TRUE,TRUE
"2019-08-01","Gotham","android",193,0.0217,0.0915,0.3361,,TRUE,TRUE,TRUE,TRUE
"2019-08-01","Gotham","ios",95,0.2326,0.0768,,,TRUE,TRUE,TRUE,TRUE
"2019-08-01","Krypton","android",64,0.1632,,0.1033,0.1496,TRUE,TRUE,TRUE,TRUE
"2019-08-01","Mordor","android",158,0.0477,,,,TRUE,TRUE,TRUE,TRUE
"2019-08-01","Mordor","ios",91,0.0785,0.0614,,,TRUE,TRUE,TRUE,TRUE
"2019-08-01","Tatooine","android",234,0.1454,0.115,0.2624,,TRUE,TRUE,TRUE,TRUE
"2019-08-01","Tatooine","ios",172,0.2219,0.2368,0.1099,0.0469,TRUE,TRUE,TRUE,TRUE
"2019-08-02","Asgard","android",57,0.0707,,,,TRUE,TRUE,TRUE,TRUE
"2019-08-02","Gargantua","android",342,0.1414,0.0801,0.0136,0.0312,TRUE,TRUE,TRUE,TRUE
"2019-08-02","Gargantua","ios",184,0.0465,,0.0946,,TRUE,TRUE,TRUE,TRUE
"2019-08-02","Gotham","android",233,0.0172,0.0024,0.0071,0.0313,TRUE,TRUE,TRUE,TRUE
"2019-08-02","Gotham","ios",139,0.0347,,0.0098,,TRUE,TRUE,TRUE,TRUE
"2019-08-02","Krypton","android",69,0.4011,0.234,,0.0343,TRUE,TRUE,TRUE,TRUE
"2019-08-02","Krypton","ios",43,0.3023,,,,TRUE,TRUE,TRUE,TRUE
"2019-08-02","Mordor","android",135,0.1373,0.0348,,,TRUE,TRUE,TRUE,TRUE
"2019-08-02","Mordor","ios",135,0.0394,0.1267,0.0956,0.0067,TRUE,TRUE,TRUE,TRUE
"2019-08-02","Tatooine","android",260,0.0987,0.2039,0.0178,0.0072,TRUE,TRUE,TRUE,TRUE
"2019-08-02","Tatooine","ios",180,0.0913,0.055,0.0338,0.2982,TRUE,TRUE,TRUE,TRUE
"2019-08-03","Asgard","ios",34,0.0672,,,,TRUE,TRUE,TRUE,TRUE
"2019-08-03","Gargantua","android",298,0.0022,,,,TRUE,TRUE,TRUE,TRUE
"2019-08-03","Gargantua","ios",185,0.0315,,0.2123,0.109,TRUE,TRUE,TRUE,TRUE
"2019-08-03","Gotham","android",179,0.0254,,0.0041,,TRUE,TRUE,TRUE,TRUE
"2019-08-03","Gotham","ios",160,0.0787,,,,TRUE,TRUE,TRUE,TRUE
"2019-08-03","Krypton","android",50,0.3358,,0.8535,,TRUE,TRUE,TRUE,TRUE
"2019-08-03","Krypton","ios",58,0.0405,,,,TRUE,TRUE,TRUE,TRUE
"2019-08-03","Mordor","android",114,0.008,0.0354,,,TRUE,TRUE,TRUE,TRUE
"2019-08-03","Mordor","ios",163,0.0962,0.0519,0.1336,,TRUE,TRUE,TRUE,TRUE
"2019-08-03","Tatooine","android",275,0.0219,,0.0618,,TRUE,TRUE,TRUE,TRUE
"2019-08-03","Tatooine","ios",182,0.0496,,,,TRUE,TRUE,TRUE,TRUE
"2019-08-04","Gargantua","android",304,0.044,0.03,0.0054,,TRUE,TRUE,TRUE,TRUE
"2019-08-04","Gargantua","ios",163,0.0143,,,,TRUE,TRUE,TRUE,TRUE
"2019-08-04","Gotham","android",206,0.0169,0.0161,0.0227,,TRUE,TRUE,TRUE,TRUE
"2019-08-04","Gotham","ios",155,0.0472,,,,TRUE,TRUE,TRUE,TRUE
"2019-08-04","Krypton","android",67,,0.3394,0.1306,,TRUE,TRUE,TRUE,TRUE
"2019-08-04","Krypton","ios",50,0.0766,,,,TRUE,TRUE,TRUE,TRUE
"2019-08-04","Mordor","android",143,0.0329,0.0365,0.2309,,TRUE,TRUE,TRUE,TRUE
"2019-08-04","Mordor","ios",161,0.0812,0.0138,,0.2934,TRUE,TRUE,TRUE,TRUE
"2019-08-04","Tatooine","android",280,0.0375,0.03,0.045,,TRUE,TRUE,TRUE,TRUE
"2019-08-04","Tatooine","ios",174,0.0839,0.3513,,,TRUE,TRUE,TRUE,TRUE
"2019-08-05","Asgard","ios",34,0.1231,,1.9278,4.0673,TRUE,TRUE,TRUE,TRUE
"2019-08-05","Gargantua","android",281,0.0625,,,,TRUE,TRUE,TRUE,TRUE
"2019-08-05","Gargantua","ios",197,0.0236,0.1876,0.2956,0.0046,TRUE,TRUE,TRUE,TRUE
"2019-08-05","Gotham","android",158,0.0477,,,,TRUE,TRUE,TRUE,TRUE
"2019-08-05","Gotham","ios",136,0.0122,,,,TRUE,TRUE,TRUE,TRUE
"2019-08-05","Krypton","android",54,0.071,0.0274,,,TRUE,TRUE,TRUE,TRUE
"2019-08-05","Krypton","ios",40,0.7866,0.5655,0.614,,TRUE,TRUE,TRUE,TRUE
"2019-08-05","Mordor","android",136,0.0514,0.0819,,,TRUE,TRUE,TRUE,TRUE
"2019-08-05","Mordor","ios",103,0.2243,0.6559,,,TRUE,TRUE,TRUE,TRUE
"2019-08-05","Tatooine","android",262,0.066,0.1346,0.0149,,TRUE,TRUE,TRUE,TRUE
"2019-08-05","Tatooine","ios",151,0.1359,0.0071,0.0071,,TRUE,TRUE,TRUE,TRUE
"2019-08-06","Gargantua","android",252,0.0622,,0.0062,,TRUE,TRUE,TRUE,TRUE
"2019-08-06","Gargantua","ios",222,0.0353,0.1383,0.1057,,TRUE,TRUE,TRUE,TRUE
"2019-08-06","Gotham","android",176,0.0239,0.0204,,,TRUE,TRUE,TRUE,TRUE
"2019-08-06","Gotham","ios",153,0.0228,,,,TRUE,TRUE,TRUE,TRUE
"2019-08-06","Krypton","android",70,0.0216,0.0672,,,TRUE,TRUE,TRUE,TRUE
"2019-08-06","Krypton","ios",37,0.1264,0.4012,,0.6255,TRUE,TRUE,TRUE,TRUE
"2019-08-06","Mordor","android",126,0.0964,0.0052,0.0579,0.1499,TRUE,TRUE,TRUE,TRUE
"2019-08-06","Mordor","ios",125,0.0845,0.1973,,0.0641,TRUE,TRUE,TRUE,TRUE
"2019-08-06","Tatooine","android",311,0.2027,0.2976,0.1078,0.1359,TRUE,TRUE,TRUE,TRUE
"2019-08-06","Tatooine","ios",162,0.0579,0.0492,0.1024,,TRUE,TRUE,TRUE,TRUE
"2019-08-07","Asgard","android",57,,,,0.1873,TRUE,TRUE,TRUE,TRUE
"2019-08-07","Gargantua","android",432,0.0699,0.0021,0.0086,,TRUE,TRUE,TRUE,TRUE
"2019-08-07","Gargantua","ios",365,0.012,0.0681,0.084,0.1543,TRUE,TRUE,TRUE,TRUE
"2019-08-07","Gotham","android",217,0.0653,0.0374,0.0941,,TRUE,TRUE,TRUE,TRUE
"2019-08-07","Gotham","ios",145,0.1426,,,,TRUE,TRUE,TRUE,TRUE
"2019-08-07","Krypton","android",86,0.0818,,0.4132,0.4623,TRUE,TRUE,TRUE,TRUE
"2019-08-07","Mordor","android",132,0.0576,0.012,,0.0648,TRUE,TRUE,TRUE,TRUE
"2019-08-07","Mordor","ios",114,0.0551,0.0081,0.0561,,TRUE,TRUE,TRUE,TRUE
"2019-08-07","Tatooine","android",314,0.1297,0.3496,0.261,0.0135,TRUE,TRUE,TRUE,TRUE
"2019-08-07","Tatooine","ios",230,0.1742,0.0326,0.0748,,TRUE,TRUE,TRUE,TRUE
"2019-08-08","Asgard","android",84,,,,0.1468,TRUE,TRUE,TRUE,TRUE
"2019-08-08","Asgard","ios",41,0.1128,,,,TRUE,TRUE,TRUE,TRUE
"2019-08-08","Gargantua","android",436,0.0542,0.0368,0.0351,0.0356,TRUE,TRUE,TRUE,TRUE
"2019-08-08","Gargantua","ios",385,0.0732,0.0047,0.023,0.0475,TRUE,TRUE,TRUE,TRUE
"2019-08-08","Gotham","android",215,0.0218,,0.0195,,TRUE,TRUE,TRUE,TRUE
"2019-08-08","Gotham","ios",174,0.0201,0.1391,,,TRUE,TRUE,TRUE,TRUE
"2019-08-08","Krypton","android",80,0.1363,,0.4385,,TRUE,TRUE,TRUE,TRUE
"2019-08-08","Krypton","ios",58,0.1548,0.2504,0.2627,0.5803,TRUE,TRUE,TRUE,TRUE
"2019-08-08","Mordor","android",169,0.0766,,0.0503,0.0291,TRUE,TRUE,TRUE,TRUE
"2019-08-08","Mordor","ios",136,0.074,,,,TRUE,TRUE,TRUE,TRUE
"2019-08-08","Tatooine","android",391,0.2167,0.0866,0.0555,0.3472,TRUE,TRUE,TRUE,TRUE
"2019-08-08","Tatooine","ios",376,0.0743,0.06,0.075,0.1872,TRUE,TRUE,TRUE,TRUE
"2019-08-09","Gargantua","android",484,0.0508,0.0053,0.0072,0.0563,TRUE,TRUE,TRUE,TRUE
"2019-08-09","Gargantua","ios",397,0.0409,0.0106,0.0916,0.1606,TRUE,TRUE,TRUE,TRUE
"2019-08-09","Gotham","android",256,0.0457,,0.0396,,TRUE,TRUE,TRUE,TRUE
"2019-08-09","Gotham","ios",218,0.1081,0.1038,0.0243,0.2014,TRUE,TRUE,TRUE,TRUE
"2019-08-09","Krypton","android",68,0.0894,,,,TRUE,TRUE,TRUE,TRUE
"2019-08-09","Krypton","ios",63,0.123,0.1536,0.1288,,TRUE,TRUE,TRUE,TRUE
"2019-08-09","Mordor","android",167,0.0681,0.0564,,0.1212,TRUE,TRUE,TRUE,TRUE
"2019-08-09","Mordor","ios",139,0.0948,0.0288,0.029,0.1667,TRUE,TRUE,TRUE,TRUE
"2019-08-09","Tatooine","android",420,0.0578,0.0561,0.0232,0.065,TRUE,TRUE,TRUE,TRUE
"2019-08-09","Tatooine","ios",409,0.0911,0.1166,0.2279,0.3741,TRUE,TRUE,TRUE,TRUE
"2019-08-10","Asgard","android",84,0.1051,,0.0484,,TRUE,TRUE,TRUE,TRUE
"2019-08-10","Gargantua","android",501,0.0341,,,0.0173,TRUE,TRUE,TRUE,TRUE
"2019-08-10","Gargantua","ios",397,0.1151,0.0106,0.221,0.0204,TRUE,TRUE,TRUE,TRUE
"2019-08-10","Gotham","android",299,0.1435,,0.0704,0.1544,TRUE,TRUE,TRUE,TRUE
"2019-08-10","Gotham","ios",278,0.0418,0.1024,0.0814,,TRUE,TRUE,TRUE,TRUE
"2019-08-10","Krypton","android",73,0.0443,0.3449,,0.1228,TRUE,TRUE,TRUE,TRUE
"2019-08-10","Krypton","ios",64,,,0.0367,,TRUE,TRUE,TRUE,TRUE
"2019-08-10","Mordor","android",174,0.3246,0.2178,0.0353,0.2248,TRUE,TRUE,TRUE,TRUE
"2019-08-10","Mordor","ios",170,0.02,0.0497,,0.1103,TRUE,TRUE,TRUE,TRUE
"2019-08-10","Tatooine","android",446,0.1202,0.157,0.1282,0.3436,TRUE,TRUE,TRUE,TRUE
"2019-08-10","Tatooine","ios",416,0.0892,0.1299,0.0962,0.089,TRUE,TRUE,TRUE,TRUE
"2019-08-11","Asgard","ios",36,0.1053,0.0232,,,TRUE,TRUE,TRUE,TRUE
"2019-08-11","Gargantua","android",476,0.0493,0.053,0.0934,0.0093,TRUE,TRUE,TRUE,TRUE
"2019-08-11","Gargantua","ios",434,0.1058,0.0416,0.0124,0.3391,TRUE,TRUE,TRUE,TRUE
"2019-08-11","Gotham","android",292,0.0312,,0.0099,,TRUE,TRUE,TRUE,TRUE
"2019-08-11","Gotham","ios",230,0.0244,0.0151,0.0283,0.0637,TRUE,TRUE,TRUE,TRUE
"2019-08-11","Krypton","android",74,0.159,0.2888,,,TRUE,TRUE,TRUE,TRUE
"2019-08-11","Krypton","ios",85,0.0553,,,,TRUE,TRUE,TRUE,TRUE
"2019-08-11","Mordor","android",144,0.0453,,,0.0819,TRUE,TRUE,TRUE,TRUE
"2019-08-11","Mordor","ios",180,0.4337,0.304,,0.0569,TRUE,TRUE,TRUE,TRUE
"2019-08-11","Tatooine","android",380,0.0691,0.0786,0.0159,0.0145,TRUE,TRUE,TRUE,TRUE
"2019-08-11","Tatooine","ios",386,0.1247,0.1134,0.0028,,TRUE,TRUE,TRUE,TRUE
"2019-08-12","Gargantua","android",483,0.0753,0.0485,0.0603,,TRUE,TRUE,TRUE,TRUE
"2019-08-12","Gargantua","ios",446,0.0505,0.0208,,0.0391,TRUE,TRUE,TRUE,TRUE
"2019-08-12","Gotham","android",273,0.0546,0.0206,0.0628,,TRUE,TRUE,TRUE,TRUE
"2019-08-12","Gotham","ios",295,0.0231,0.0655,0.0291,0.0673,TRUE,TRUE,TRUE,TRUE
"2019-08-12","Krypton","android",114,0.0905,0.0076,,0.0205,TRUE,TRUE,TRUE,TRUE
"2019-08-12","Krypton","ios",82,0.076,,0.0653,,TRUE,TRUE,TRUE,TRUE
"2019-08-12","Mordor","android",163,0.1148,0.056,,,TRUE,TRUE,TRUE,TRUE
"2019-08-12","Mordor","ios",200,0.0824,0.1068,0.0543,,TRUE,TRUE,TRUE,TRUE
"2019-08-12","Tatooine","android",384,0.0878,0.0528,0.0278,,TRUE,TRUE,TRUE,TRUE
"2019-08-12","Tatooine","ios",317,0.1355,0.0597,0.0252,0.0247,TRUE,TRUE,TRUE,TRUE
"2019-08-13","Asgard","android",78,0.0405,,,,TRUE,TRUE,TRUE,TRUE
"2019-08-13","Asgard","ios",61,0.0138,,,,TRUE,TRUE,TRUE,TRUE
"2019-08-13","Gargantua","android",511,0.0317,0.0627,0.0319,0.0063,TRUE,TRUE,TRUE,TRUE
"2019-08-13","Gargantua","ios",537,0.0392,0.0653,0.0544,0.0125,TRUE,TRUE,TRUE,TRUE
"2019-08-13","Gotham","android",288,0.0682,,0.0254,0.0622,TRUE,TRUE,TRUE,TRUE
"2019-08-13","Gotham","ios",245,0.0052,0.0108,,,TRUE,TRUE,TRUE,TRUE
"2019-08-13","Krypton","android",94,0.0658,,0.1432,0.3687,TRUE,TRUE,TRUE,TRUE
"2019-08-13","Krypton","ios",82,0.1816,0.0131,0.096,0.3003,TRUE,TRUE,TRUE,TRUE
"2019-08-13","Mordor","android",165,0.1205,0.1824,0.2349,,TRUE,TRUE,TRUE,TRUE
"2019-08-13","Mordor","ios",180,0.2071,0.0273,,,TRUE,TRUE,TRUE,TRUE
"2019-08-13","Tatooine","android",438,0.1708,0.1208,0.1796,0.2305,TRUE,TRUE,TRUE,TRUE
"2019-08-13","Tatooine","ios",363,0.1374,0.1017,0.0408,0.234,TRUE,TRUE,TRUE,TRUE
"2019-08-14","Asgard","android",182,0.0459,0.4243,,0.296,TRUE,TRUE,TRUE,TRUE
"2019-08-14","Asgard","ios",63,0.01,,,,TRUE,TRUE,TRUE,TRUE
"2019-08-14","Gargantua","android",1025,0.0945,0.0631,0.0459,0.2455,TRUE,TRUE,TRUE,TRUE
"2019-08-14","Gargantua","ios",683,0.1703,0.2193,0.191,1.3745,TRUE,TRUE,TRUE,TRUE
"2019-08-14","Gotham","android",481,0.0334,0.0112,0.014,0.0317,TRUE,TRUE,TRUE,TRUE
"2019-08-14","Gotham","ios",247,0.0351,0.0328,0.0037,,TRUE,TRUE,TRUE,TRUE
"2019-08-14","Krypton","android",146,0.0318,0.0319,,,TRUE,TRUE,TRUE,TRUE
"2019-08-14","Krypton","ios",96,0.1132,0.2534,0.0395,,TRUE,TRUE,TRUE,TRUE
"2019-08-14","Mordor","android",262,0.0352,0.0198,0.0386,0.0231,TRUE,TRUE,TRUE,TRUE
"2019-08-14","Mordor","ios",193,0.113,0.0618,0.2878,,TRUE,TRUE,TRUE,TRUE
"2019-08-14","Tatooine","android",525,0.1381,0.0971,0.075,0.1618,TRUE,TRUE,TRUE,TRUE
"2019-08-14","Tatooine","ios",479,0.156,0.0991,0.1443,0.0411,TRUE,TRUE,TRUE,TRUE
"2019-08-15","Asgard","android",320,0.0246,,0.0266,,TRUE,TRUE,TRUE,TRUE
"2019-08-15","Asgard","ios",124,0.0455,,0.2155,0.0886,TRUE,TRUE,TRUE,TRUE
"2019-08-15","Gargantua","android",1426,0.0916,0.0968,0.0796,0.0096,TRUE,TRUE,TRUE,TRUE
"2019-08-15","Gargantua","ios",959,0.1145,0.1313,0.0426,0.1223,TRUE,TRUE,TRUE,TRUE
"2019-08-15","Gotham","android",650,0.0268,0.0129,0.0686,0.0742,TRUE,TRUE,TRUE,TRUE
"2019-08-15","Gotham","ios",404,0.0572,0.0775,0.0121,0.0527,TRUE,TRUE,TRUE,TRUE
"2019-08-15","Krypton","android",238,0.143,0.384,0.1148,0.4619,TRUE,TRUE,TRUE,TRUE
"2019-08-15","Krypton","ios",166,0.4374,0.0614,,0.2903,TRUE,TRUE,TRUE,TRUE
"2019-08-15","Mordor","android",313,0.0423,0.0128,0.0365,,TRUE,TRUE,TRUE,TRUE
"2019-08-15","Mordor","ios",260,0.1257,0.0957,0.0494,0.1857,TRUE,TRUE,TRUE,TRUE
"2019-08-15","Tatooine","android",942,0.1776,0.0902,0.0379,0.1385,TRUE,TRUE,TRUE,TRUE
"2019-08-15","Tatooine","ios",824,0.2801,0.196,0.268,0.0646,TRUE,TRUE,TRUE,TRUE
"2019-08-16","Asgard","android",246,0.0567,0.2687,,0.5539,TRUE,TRUE,TRUE,TRUE
"2019-08-16","Asgard","ios",121,0.0069,0.1292,0.2365,,TRUE,TRUE,TRUE,TRUE
"2019-08-16","Gargantua","android",1501,0.0358,0.0787,0.0308,0.0182,TRUE,TRUE,TRUE,TRUE
"2019-08-16","Gargantua","ios",927,0.1514,0.3149,0.4156,0.6242,TRUE,TRUE,TRUE,TRUE
"2019-08-16","Gotham","android",581,0.0274,0.1359,0.2317,0.0194,TRUE,TRUE,TRUE,TRUE
"2019-08-16","Gotham","ios",447,0.0954,0.0033,0.0431,0.13,TRUE,TRUE,TRUE,TRUE
"2019-08-16","Krypton","android",205,0.1687,0.6381,0.06,0.02,TRUE,TRUE,TRUE,TRUE
"2019-08-16","Krypton","ios",160,0.2135,0.1178,0.2067,0.0569,TRUE,TRUE,TRUE,TRUE
"2019-08-16","Mordor","android",317,0.0343,0.0029,0.0802,,TRUE,TRUE,TRUE,TRUE
"2019-08-16","Mordor","ios",280,0.038,0.0143,0.1978,0.0259,TRUE,TRUE,TRUE,TRUE
"2019-08-16","Tatooine","android",943,0.0287,0.0685,0.0954,0.0641,TRUE,TRUE,TRUE,TRUE
"2019-08-16","Tatooine","ios",1082,0.0906,0.0396,0.1459,0.0817,TRUE,TRUE,TRUE,TRUE
"2019-08-17","Asgard","android",347,0.0019,0.037,0.0407,,TRUE,TRUE,TRUE,FALSE
"2019-08-17","Asgard","ios",169,0.0198,0.0878,0.2195,,TRUE,TRUE,TRUE,FALSE
"2019-08-17","Gargantua","android",1602,0.1513,0.0955,0.105,,TRUE,TRUE,TRUE,FALSE
"2019-08-17","Gargantua","ios",956,0.0614,0.1008,0.0447,,TRUE,TRUE,TRUE,FALSE
"2019-08-17","Gotham","android",681,0.0737,0.0635,0.0171,,TRUE,TRUE,TRUE,FALSE
"2019-08-17","Gotham","ios",581,0.0244,0.0203,0.0041,,TRUE,TRUE,TRUE,FALSE
"2019-08-17","Krypton","android",221,0.2095,0.2026,0.3164,,TRUE,TRUE,TRUE,FALSE
"2019-08-17","Krypton","ios",240,0.1894,0.2896,0.2186,,TRUE,TRUE,TRUE,FALSE
"2019-08-17","Mordor","android",417,0.03,0.0129,0.0494,,TRUE,TRUE,TRUE,FALSE
"2019-08-17","Mordor","ios",485,0.0384,0.0506,0.0301,,TRUE,TRUE,TRUE,FALSE
"2019-08-17","Tatooine","android",1163,0.0761,0.0242,0.0007,,TRUE,TRUE,TRUE,FALSE
"2019-08-17","Tatooine","ios",1113,0.0518,0.111,0.1439,,TRUE,TRUE,TRUE,FALSE
"2019-08-18","Asgard","android",329,0.1178,0.0192,0.0409,,TRUE,TRUE,TRUE,FALSE
"2019-08-18","Asgard","ios",157,0.0371,0.2607,,,TRUE,TRUE,TRUE,FALSE
"2019-08-18","Gargantua","android",1706,0.0718,0.0576,0.1047,,TRUE,TRUE,TRUE,FALSE
"2019-08-18","Gargantua","ios",1060,0.1719,0.2011,0.0772,,TRUE,TRUE,TRUE,FALSE
"2019-08-18","Gotham","android",774,0.0419,0.074,0.0451,,TRUE,TRUE,TRUE,FALSE
"2019-08-18","Gotham","ios",524,0.044,0.0923,0.1116,,TRUE,TRUE,TRUE,FALSE
"2019-08-18","Krypton","android",256,0.1618,0.2384,0.1593,,TRUE,TRUE,TRUE,FALSE
"2019-08-18","Krypton","ios",244,0.2419,0.0191,0.2562,,TRUE,TRUE,TRUE,FALSE
"2019-08-18","Mordor","android",466,0.0369,0.0134,0.0209,,TRUE,TRUE,TRUE,FALSE
"2019-08-18","Mordor","ios",395,0.127,0.0484,0.0108,,TRUE,TRUE,TRUE,FALSE
"2019-08-18","Tatooine","android",1135,0.0988,0.0612,0.1207,,TRUE,TRUE,TRUE,FALSE
"2019-08-18","Tatooine","ios",1041,0.1317,0.3118,0.2219,,TRUE,TRUE,TRUE,FALSE
"2019-08-19","Asgard","android",248,0.0127,,,,TRUE,TRUE,TRUE,FALSE
"2019-08-19","Asgard","ios",133,0.0329,,,,TRUE,TRUE,TRUE,FALSE
"2019-08-19","Gargantua","android",1616,0.0911,0.0194,0.0353,,TRUE,TRUE,TRUE,FALSE
"2019-08-19","Gargantua","ios",987,0.1016,0.0547,0.0778,,TRUE,TRUE,TRUE,FALSE
"2019-08-19","Gotham","android",552,0.0795,0.1833,0.2073,,TRUE,TRUE,TRUE,FALSE
"2019-08-19","Gotham","ios",443,0.0323,0.0449,0.0988,,TRUE,TRUE,TRUE,FALSE
"2019-08-19","Krypton","android",170,0.0396,,0.1463,,TRUE,TRUE,TRUE,FALSE
"2019-08-19","Krypton","ios",184,0.1198,0.4312,0.1512,,TRUE,TRUE,TRUE,FALSE
"2019-08-19","Mordor","android",272,0.0477,,0.0685,,TRUE,TRUE,TRUE,FALSE
"2019-08-19","Mordor","ios",333,0.135,0.2259,0.3419,,TRUE,TRUE,TRUE,FALSE
"2019-08-19","Tatooine","android",908,0.0869,0.108,0.102,,TRUE,TRUE,TRUE,FALSE
"2019-08-19","Tatooine","ios",946,0.1652,0.2994,0.1893,,TRUE,TRUE,TRUE,FALSE
"2019-08-20","Asgard","android",245,0.0869,0.0166,,,TRUE,TRUE,TRUE,FALSE
"2019-08-20","Asgard","ios",158,0.0145,0.0053,0.0236,,TRUE,TRUE,TRUE,FALSE
"2019-08-20","Gargantua","android",1455,0.0441,0.0161,0.0101,,TRUE,TRUE,TRUE,FALSE
"2019-08-20","Gargantua","ios",920,0.0879,0.1235,0.1484,,TRUE,TRUE,TRUE,FALSE
"2019-08-20","Gotham","android",515,0.0998,0.2379,0.1021,,TRUE,TRUE,TRUE,FALSE
"2019-08-20","Gotham","ios",373,0.0766,0.0147,0.0195,,TRUE,TRUE,TRUE,FALSE
"2019-08-20","Krypton","android",132,0.1427,0.03,0.0574,,TRUE,TRUE,TRUE,FALSE
"2019-08-20","Krypton","ios",186,0.1272,0.0595,0.1411,,TRUE,TRUE,TRUE,FALSE
"2019-08-20","Mordor","android",305,0.0619,0.0392,,,TRUE,TRUE,TRUE,FALSE
"2019-08-20","Mordor","ios",275,0.1013,0.0816,0.0794,,TRUE,TRUE,TRUE,FALSE
"2019-08-20","Tatooine","android",832,0.1179,0.1168,0.2037,,TRUE,TRUE,TRUE,FALSE
"2019-08-20","Tatooine","ios",936,0.1304,0.161,0.1645,,TRUE,TRUE,TRUE,FALSE
"2019-08-21","Asgard","android",259,0.0233,0.1496,0.1699,,TRUE,TRUE,TRUE,FALSE
"2019-08-21","Asgard","ios",146,0.2007,0.5228,0.7271,,TRUE,TRUE,TRUE,FALSE
"2019-08-21","Gargantua","android",1359,0.0872,0.0473,0.0192,,TRUE,TRUE,TRUE,FALSE
"2019-08-21","Gargantua","ios",1063,0.1316,0.0633,0.0068,,TRUE,TRUE,TRUE,FALSE
"2019-08-21","Gotham","android",495,0.0167,0.0149,0.1262,,TRUE,TRUE,TRUE,FALSE
"2019-08-21","Gotham","ios",400,0.0706,0.0565,0.0306,,TRUE,TRUE,TRUE,FALSE
"2019-08-21","Krypton","android",154,0.1218,0.0928,0.2504,,TRUE,TRUE,TRUE,FALSE
"2019-08-21","Krypton","ios",171,0.1716,0.3282,0.0758,,TRUE,TRUE,TRUE,FALSE
"2019-08-21","Mordor","android",240,0.0374,0.0194,0.0989,,TRUE,TRUE,TRUE,FALSE
"2019-08-21","Mordor","ios",324,0.0737,0.0417,0.1289,,TRUE,TRUE,TRUE,FALSE
"2019-08-21","Tatooine","android",775,0.0559,0.0468,0.0503,,TRUE,TRUE,TRUE,FALSE
"2019-08-21","Tatooine","ios",826,0.1678,0.2292,0.1899,,TRUE,TRUE,TRUE,FALSE
"2019-08-22","Asgard","android",275,0.0473,,,,TRUE,TRUE,TRUE,FALSE
"2019-08-22","Asgard","ios",134,0.1169,,,,TRUE,TRUE,TRUE,FALSE
"2019-08-22","Gargantua","android",1361,0.125,0.0489,0.0323,,TRUE,TRUE,TRUE,FALSE
"2019-08-22","Gargantua","ios",1064,0.0688,0.0294,0.0298,,TRUE,TRUE,TRUE,FALSE
"2019-08-22","Gotham","android",590,0.0828,0.0506,0.1043,,TRUE,TRUE,TRUE,FALSE
"2019-08-22","Gotham","ios",430,0.0195,0.05,0.0585,,TRUE,TRUE,TRUE,FALSE
"2019-08-22","Krypton","android",171,0.066,0.0161,0.0529,,TRUE,TRUE,TRUE,FALSE
"2019-08-22","Krypton","ios",216,0.1551,0.1135,0.1858,,TRUE,TRUE,TRUE,FALSE
"2019-08-22","Mordor","android",287,0.1253,0.0648,0.1632,,TRUE,TRUE,TRUE,FALSE
"2019-08-22","Mordor","ios",301,0.0362,0.0449,0.2979,,TRUE,TRUE,TRUE,FALSE
"2019-08-22","Tatooine","android",827,0.1548,0.0693,0.0499,,TRUE,TRUE,TRUE,FALSE
"2019-08-22","Tatooine","ios",958,0.0942,0.0759,0.0438,,TRUE,TRUE,TRUE,FALSE
"2019-08-23","Asgard","android",326,0.0388,,,,TRUE,TRUE,TRUE,FALSE
"2019-08-23","Asgard","ios",198,0.2773,0.2845,0.0724,,TRUE,TRUE,TRUE,FALSE
"2019-08-23","Gargantua","android",1394,0.0599,0.0256,0.0231,,TRUE,TRUE,TRUE,FALSE
"2019-08-23","Gargantua","ios",1193,0.07,0.0509,0.0357,,TRUE,TRUE,TRUE,FALSE
"2019-08-23","Gotham","android",691,0.0886,0.0337,0.1809,,TRUE,TRUE,TRUE,FALSE
"2019-08-23","Gotham","ios",575,0.0469,0.098,0.1234,,TRUE,TRUE,TRUE,FALSE
"2019-08-23","Krypton","android",284,0.1711,0.1617,0.0902,,TRUE,TRUE,TRUE,FALSE
"2019-08-23","Krypton","ios",277,0.1121,,0.0238,,TRUE,TRUE,TRUE,FALSE
"2019-08-23","Mordor","android",372,0.1445,0.1061,0.0402,,TRUE,TRUE,TRUE,FALSE
"2019-08-23","Mordor","ios",415,0.0104,0.1039,0.0395,,TRUE,TRUE,TRUE,FALSE
"2019-08-23","Tatooine","android",1047,0.0707,0.0701,0.0826,,TRUE,TRUE,TRUE,FALSE
"2019-08-23","Tatooine","ios",1158,0.1415,0.0853,0.2871,,TRUE,TRUE,TRUE,FALSE
"2019-08-24","Asgard","android",333,0.002,0.0214,0.0227,,TRUE,TRUE,TRUE,FALSE
"2019-08-24","Asgard","ios",244,0.1806,0.1022,,,TRUE,TRUE,TRUE,FALSE
"2019-08-24","Gargantua","android",1551,0.1067,0.1063,0.0739,,TRUE,TRUE,TRUE,FALSE
"2019-08-24","Gargantua","ios",1314,0.1414,0.1354,0.1837,,TRUE,TRUE,TRUE,FALSE
"2019-08-24","Gotham","android",860,0.0615,0.1032,0.0339,,TRUE,TRUE,TRUE,FALSE
"2019-08-24","Gotham","ios",619,0.0848,0.0509,,,TRUE,TRUE,TRUE,FALSE
"2019-08-24","Krypton","android",342,0.1233,0.3084,0.2513,,TRUE,TRUE,TRUE,FALSE
"2019-08-24","Krypton","ios",323,0.0931,0.0749,0.0334,,TRUE,TRUE,TRUE,FALSE
"2019-08-24","Mordor","android",473,0.043,0.0734,0.0362,,TRUE,TRUE,TRUE,FALSE
"2019-08-24","Mordor","ios",497,0.0947,0.1401,0.0605,,TRUE,TRUE,TRUE,FALSE
"2019-08-24","Tatooine","android",1339,0.1574,0.0852,0.1654,,TRUE,TRUE,TRUE,FALSE
"2019-08-24","Tatooine","ios",1531,0.1202,0.0844,0.104,,TRUE,TRUE,TRUE,FALSE
"2019-08-25","Asgard","android",351,0.1301,0.0281,0.061,,TRUE,TRUE,TRUE,FALSE
"2019-08-25","Asgard","ios",257,0.0659,0.0632,0.0105,,TRUE,TRUE,TRUE,FALSE
"2019-08-25","Gargantua","android",1562,0.0675,0.086,0.0952,,TRUE,TRUE,TRUE,FALSE
"2019-08-25","Gargantua","ios",1260,0.1364,0.0282,0.0228,,TRUE,TRUE,TRUE,FALSE
"2019-08-25","Gotham","android",849,0.0569,0.0388,0.0297,,TRUE,TRUE,TRUE,FALSE
"2019-08-25","Gotham","ios",610,0.108,0.0341,0.0503,,TRUE,TRUE,TRUE,FALSE
"2019-08-25","Krypton","android",367,0.1666,0.144,0.1437,,TRUE,TRUE,TRUE,FALSE
"2019-08-25","Krypton","ios",297,0.1746,0.2041,0.268,,TRUE,TRUE,TRUE,FALSE
"2019-08-25","Mordor","android",422,0.0798,0.092,0.034,,TRUE,TRUE,TRUE,FALSE
"2019-08-25","Mordor","ios",473,0.0431,0.0985,0.0702,,TRUE,TRUE,TRUE,FALSE
"2019-08-25","Tatooine","android",1354,0.1067,0.0863,0.0478,,TRUE,TRUE,TRUE,FALSE
"2019-08-25","Tatooine","ios",1421,0.1071,0.2435,0.1711,,TRUE,TRUE,TRUE,FALSE
"2019-08-26","Asgard","android",257,0.0602,0.2588,,,TRUE,TRUE,TRUE,FALSE
"2019-08-26","Asgard","ios",193,0.1532,0.0765,0.0933,,TRUE,TRUE,TRUE,FALSE
"2019-08-26","Gargantua","android",1514,0.08,0.0412,0.0998,,TRUE,TRUE,TRUE,FALSE
"2019-08-26","Gargantua","ios",1265,0.1232,0.0729,0.1843,,TRUE,TRUE,TRUE,FALSE
"2019-08-26","Gotham","android",658,0.0991,0.0608,0.0665,,TRUE,TRUE,TRUE,FALSE
"2019-08-26","Gotham","ios",448,0.0902,0.0388,0.0061,,TRUE,TRUE,TRUE,FALSE
"2019-08-26","Krypton","android",222,0.138,0.3637,0.0256,,TRUE,TRUE,TRUE,FALSE
"2019-08-26","Krypton","ios",187,0.2807,0.0057,0.4606,,TRUE,TRUE,TRUE,FALSE
"2019-08-26","Mordor","android",377,0.0719,0.0841,0.1895,,TRUE,TRUE,TRUE,FALSE
"2019-08-26","Mordor","ios",320,0.0673,0.1181,0.037,,TRUE,TRUE,TRUE,FALSE
"2019-08-26","Tatooine","android",1049,0.1819,0.0432,0.1593,,TRUE,TRUE,TRUE,FALSE
"2019-08-26","Tatooine","ios",1114,0.1006,0.0437,0.0504,,TRUE,TRUE,TRUE,FALSE
"2019-08-27","Asgard","android",256,0.1243,0.1838,0.1854,,TRUE,TRUE,TRUE,FALSE
"2019-08-27","Asgard","ios",193,0.0237,,0.0043,,TRUE,TRUE,TRUE,FALSE
"2019-08-27","Gargantua","android",1529,0.1414,0.0965,0.1133,,TRUE,TRUE,TRUE,FALSE
"2019-08-27","Gargantua","ios",1335,0.1125,0.0573,0.1877,,TRUE,TRUE,TRUE,FALSE
"2019-08-27","Gotham","android",550,0.0838,0.0733,0.0691,,TRUE,TRUE,TRUE,FALSE
"2019-08-27","Gotham","ios",399,0.0642,0.0509,0.0794,,TRUE,TRUE,TRUE,FALSE
"2019-08-27","Krypton","android",198,0.38,0.1068,0.0852,,TRUE,TRUE,TRUE,FALSE
"2019-08-27","Krypton","ios",167,0.1909,0.1254,0.7835,,TRUE,TRUE,TRUE,FALSE
"2019-08-27","Mordor","android",327,0.0949,0.0388,0.0351,,TRUE,TRUE,TRUE,FALSE
"2019-08-27","Mordor","ios",305,0.1865,0.0489,0.0816,,TRUE,TRUE,TRUE,FALSE
"2019-08-27","Tatooine","android",1075,0.1716,0.2297,0.1605,,TRUE,TRUE,TRUE,FALSE
"2019-08-27","Tatooine","ios",1013,0.1387,0.1066,0.1149,,TRUE,TRUE,TRUE,FALSE
"2019-08-28","Asgard","android",276,0.0826,0.0871,0.008,,TRUE,TRUE,TRUE,FALSE
"2019-08-28","Asgard","ios",197,0.0674,0.0865,0.3525,,TRUE,TRUE,TRUE,FALSE
"2019-08-28","Gargantua","android",1303,0.0817,0.04,0.0597,,TRUE,TRUE,TRUE,FALSE
"2019-08-28","Gargantua","ios",1147,0.1991,0.1243,0.131,,TRUE,TRUE,TRUE,FALSE
"2019-08-28","Gotham","android",570,0.0505,0.1384,0.0186,,TRUE,TRUE,TRUE,FALSE
"2019-08-28","Gotham","ios",360,0.1237,0.0264,0.1621,,TRUE,TRUE,TRUE,FALSE
"2019-08-28","Krypton","android",233,0.2624,0.5231,0.7221,,TRUE,TRUE,TRUE,FALSE
"2019-08-28","Krypton","ios",202,0.172,0.6459,0.1569,,TRUE,TRUE,TRUE,FALSE
"2019-08-28","Mordor","android",302,0.0416,0.2049,0.3348,,TRUE,TRUE,TRUE,FALSE
"2019-08-28","Mordor","ios",320,0.0609,0.1318,0.4838,,TRUE,TRUE,TRUE,FALSE
"2019-08-28","Tatooine","android",974,0.1515,0.1276,0.247,,TRUE,TRUE,TRUE,FALSE
"2019-08-28","Tatooine","ios",1028,0.099,0.0978,0.1704,,TRUE,TRUE,TRUE,FALSE
"2019-08-29","Asgard","android",181,0.0135,,,,TRUE,TRUE,TRUE,FALSE
"2019-08-29","Asgard","ios",134,0.0046,0.0247,0.0046,,TRUE,TRUE,TRUE,FALSE
"2019-08-29","Gargantua","android",1202,0.089,0.1013,0.0338,,TRUE,TRUE,TRUE,FALSE
"2019-08-29","Gargantua","ios",1088,0.0933,0.0279,0.0247,,TRUE,TRUE,TRUE,FALSE
"2019-08-29","Gotham","android",467,0.0591,0.1028,0.1112,,TRUE,TRUE,TRUE,FALSE
"2019-08-29","Gotham","ios",356,0.1499,0.1225,0.0568,,TRUE,TRUE,TRUE,FALSE
"2019-08-29","Krypton","android",213,0.1962,0.0606,0.633,,TRUE,TRUE,TRUE,FALSE
"2019-08-29","Krypton","ios",145,0.1026,,0.0673,,TRUE,TRUE,TRUE,FALSE
"2019-08-29","Mordor","android",280,0.0734,0.0938,0.0838,,TRUE,TRUE,TRUE,FALSE
"2019-08-29","Mordor","ios",254,0.0704,0.1401,0.3412,,TRUE,TRUE,TRUE,FALSE
"2019-08-29","Tatooine","android",917,0.2006,0.0732,0.1838,,TRUE,TRUE,TRUE,FALSE
"2019-08-29","Tatooine","ios",914,0.1421,0.4124,0.2479,,TRUE,TRUE,TRUE,FALSE
"2019-08-30","Asgard","android",216,0.0216,,0.0206,,TRUE,TRUE,TRUE,FALSE
"2019-08-30","Asgard","ios",182,0.0623,0.0204,,,TRUE,TRUE,TRUE,FALSE
"2019-08-30","Gargantua","android",1058,0.0937,0.107,0.1238,,TRUE,TRUE,TRUE,FALSE
"2019-08-30","Gargantua","ios",1051,0.0283,0.0288,0.0135,,TRUE,TRUE,TRUE,FALSE
"2019-08-30","Gotham","android",479,0.0306,0.0393,0.0899,,TRUE,TRUE,TRUE,FALSE
"2019-08-30","Gotham","ios",392,0.1328,0.1286,0.0472,,TRUE,TRUE,TRUE,FALSE
"2019-08-30","Krypton","android",206,0.2284,0.1295,0.1512,,TRUE,TRUE,TRUE,FALSE
"2019-08-30","Krypton","ios",187,0.0402,0.0383,0.1431,,TRUE,TRUE,TRUE,FALSE
"2019-08-30","Mordor","android",245,0.0639,0.0179,0.02,,TRUE,TRUE,TRUE,FALSE
"2019-08-30","Mordor","ios",275,0.1028,0.2642,0.0033,,TRUE,TRUE,TRUE,FALSE
"2019-08-30","Tatooine","android",918,0.0727,0.1138,0.0889,,TRUE,TRUE,TRUE,FALSE
"2019-08-30","Tatooine","ios",975,0.0816,0.1013,0.1169,,TRUE,TRUE,TRUE,FALSE
"2019-08-31","Asgard","android",276,0.0121,,,,TRUE,TRUE,TRUE,FALSE
"2019-08-31","Asgard","ios",223,0.0971,0.1676,0.0639,,TRUE,TRUE,TRUE,FALSE
"2019-08-31","Gargantua","android",1144,0.0951,0.081,0.2214,,TRUE,TRUE,TRUE,FALSE
"2019-08-31","Gargantua","ios",1012,0.077,0.1929,0.1439,,TRUE,TRUE,TRUE,FALSE
"2019-08-31","Gotham","android",671,0.0427,0.0256,0.067,,TRUE,TRUE,TRUE,FALSE
"2019-08-31","Gotham","ios",467,0.1385,0.0963,0.0701,,TRUE,TRUE,TRUE,FALSE
"2019-08-31","Krypton","android",236,0.2309,0.0895,0.2952,,TRUE,TRUE,TRUE,FALSE
"2019-08-31","Krypton","ios",244,0.1947,0.0589,0.2897,,TRUE,TRUE,TRUE,FALSE
"2019-08-31","Mordor","android",271,0.0133,0.0205,0.0067,,TRUE,TRUE,TRUE,FALSE
"2019-08-31","Mordor","ios",355,0.0188,0.0338,0.048,,TRUE,TRUE,TRUE,FALSE
"2019-08-31","Tatooine","android",1125,0.1321,0.1405,0.1352,,TRUE,TRUE,TRUE,FALSE
"2019-08-31","Tatooine","ios",1072,0.0855,0.1185,0.3123,,TRUE,TRUE,TRUE,FALSE
"2019-09-01","Asgard","android",332,0.0134,0.0483,0.124,,TRUE,TRUE,TRUE,FALSE
"2019-09-01","Asgard","ios",263,0.0306,0.0762,0.3202,,TRUE,TRUE,TRUE,FALSE
"2019-09-01","Gargantua","android",1197,0.1114,0.0566,0.1237,,TRUE,TRUE,TRUE,FALSE
"2019-09-01","Gargantua","ios",1013,0.1154,0.0246,0.2965,,TRUE,TRUE,TRUE,FALSE
"2019-09-01","Gotham","android",696,0.0309,0.0433,0.0152,,TRUE,TRUE,TRUE,FALSE
"2019-09-01","Gotham","ios",553,0.0267,0.0217,0.0228,,TRUE,TRUE,TRUE,FALSE
"2019-09-01","Krypton","android",252,0.2068,0.1183,0.4539,,TRUE,TRUE,TRUE,FALSE
"2019-09-01","Krypton","ios",263,0.0619,0.0111,0.0674,,TRUE,TRUE,TRUE,FALSE
"2019-09-01","Mordor","android",323,0.1571,0.0487,0.0048,,TRUE,TRUE,TRUE,FALSE
"2019-09-01","Mordor","ios",384,0.0875,0.1321,0.1579,,TRUE,TRUE,TRUE,FALSE
"2019-09-01","Tatooine","android",1041,0.077,0.0633,0.1007,,TRUE,TRUE,TRUE,FALSE
"2019-09-01","Tatooine","ios",969,0.126,0.2039,0.2037,,TRUE,TRUE,TRUE,FALSE
"2019-09-02","Asgard","android",190,0.0375,0.2472,,,TRUE,TRUE,FALSE,FALSE
"2019-09-02","Asgard","ios",172,0.0456,,,,TRUE,TRUE,FALSE,FALSE
"2019-09-02","Gargantua","android",1278,0.0495,0.0631,,,TRUE,TRUE,FALSE,FALSE
"2019-09-02","Gargantua","ios",1137,0.0384,0.1097,,,TRUE,TRUE,FALSE,FALSE
"2019-09-02","Gotham","android",486,0.0718,0.0154,,,TRUE,TRUE,FALSE,FALSE
"2019-09-02","Gotham","ios",386,0.0927,0.0059,,,TRUE,TRUE,FALSE,FALSE
"2019-09-02","Krypton","android",179,0.3713,0.1038,,,TRUE,TRUE,FALSE,FALSE
"2019-09-02","Krypton","ios",203,0.1228,0.0085,,,TRUE,TRUE,FALSE,FALSE
"2019-09-02","Mordor","android",220,0.1054,0.1406,,,TRUE,TRUE,FALSE,FALSE
"2019-09-02","Mordor","ios",282,0.0431,0.0283,,,TRUE,TRUE,FALSE,FALSE
"2019-09-02","Tatooine","android",740,0.1242,0.0387,,,TRUE,TRUE,FALSE,FALSE
"2019-09-02","Tatooine","ios",709,0.123,0.1457,,,TRUE,TRUE,FALSE,FALSE
"2019-09-03","Asgard","android",153,0.6879,0.0594,,,TRUE,TRUE,FALSE,FALSE
"2019-09-03","Asgard","ios",144,0.0665,0.0057,,,TRUE,TRUE,FALSE,FALSE
"2019-09-03","Gargantua","android",964,0.1417,0.0869,,,TRUE,TRUE,FALSE,FALSE
"2019-09-03","Gargantua","ios",871,0.0948,0.0631,,,TRUE,TRUE,FALSE,FALSE
"2019-09-03","Gotham","android",448,0.1396,0.0445,,,TRUE,TRUE,FALSE,FALSE
"2019-09-03","Gotham","ios",337,0.0441,0.0498,,,TRUE,TRUE,FALSE,FALSE
"2019-09-03","Krypton","android",168,0.0841,0.2212,,,TRUE,TRUE,FALSE,FALSE
"2019-09-03","Krypton","ios",157,0.1195,0.2758,,,TRUE,TRUE,FALSE,FALSE
"2019-09-03","Mordor","android",200,0.0644,,,,TRUE,TRUE,FALSE,FALSE
"2019-09-03","Mordor","ios",269,0.057,0.0198,,,TRUE,TRUE,FALSE,FALSE
"2019-09-03","Tatooine","android",701,0.1678,0.1775,,,TRUE,TRUE,FALSE,FALSE
"2019-09-03","Tatooine","ios",716,0.163,0.1025,,,TRUE,TRUE,FALSE,FALSE
"2019-09-04","Asgard","android",160,0.0098,,,,TRUE,TRUE,FALSE,FALSE
"2019-09-04","Asgard","ios",135,0.249,0.3051,,,TRUE,TRUE,FALSE,FALSE
"2019-09-04","Gargantua","android",784,0.1122,0.2605,,,TRUE,TRUE,FALSE,FALSE
"2019-09-04","Gargantua","ios",658,0.1181,0.1003,,,TRUE,TRUE,FALSE,FALSE
"2019-09-04","Gotham","android",397,0.0928,0.0771,,,TRUE,TRUE,FALSE,FALSE
"2019-09-04","Gotham","ios",307,0.0343,0.0077,,,TRUE,TRUE,FALSE,FALSE
"2019-09-04","Krypton","android",168,0.1939,0.1546,,,TRUE,TRUE,FALSE,FALSE
"2019-09-04","Krypton","ios",145,0.076,0.006,,,TRUE,TRUE,FALSE,FALSE
"2019-09-04","Mordor","android",190,0.3423,0.3808,,,TRUE,TRUE,FALSE,FALSE
"2019-09-04","Mordor","ios",223,0.011,0.2055,,,TRUE,TRUE,FALSE,FALSE
"2019-09-04","Tatooine","android",684,0.1499,0.2131,,,TRUE,TRUE,FALSE,FALSE
"2019-09-04","Tatooine","ios",671,0.1759,0.1183,,,TRUE,TRUE,FALSE,FALSE
"2019-09-05","Asgard","android",163,0.0833,0.0245,,,TRUE,TRUE,FALSE,FALSE
"2019-09-05","Asgard","ios",129,0.3335,,,,TRUE,TRUE,FALSE,FALSE
"2019-09-05","Gargantua","android",727,0.1416,0.1264,,,TRUE,TRUE,FALSE,FALSE
"2019-09-05","Gargantua","ios",546,0.0657,0.0714,,,TRUE,TRUE,FALSE,FALSE
"2019-09-05","Gotham","android",449,0.1019,0.0843,,,TRUE,TRUE,FALSE,FALSE
"2019-09-05","Gotham","ios",284,0.0689,0.082,,,TRUE,TRUE,FALSE,FALSE
"2019-09-05","Krypton","android",148,0.0758,0.2498,,,TRUE,TRUE,FALSE,FALSE
"2019-09-05","Krypton","ios",125,0.0729,0.4893,,,TRUE,TRUE,FALSE,FALSE
"2019-09-05","Mordor","android",204,0.0645,,,,TRUE,TRUE,FALSE,FALSE
"2019-09-05","Mordor","ios",173,0.0864,0.1754,,,TRUE,TRUE,FALSE,FALSE
"2019-09-05","Tatooine","android",701,0.1618,0.2069,,,TRUE,TRUE,FALSE,FALSE
"2019-09-05","Tatooine","ios",606,0.1144,0.0892,,,TRUE,TRUE,FALSE,FALSE
"2019-09-06","Asgard","android",180,0.0817,,,,TRUE,TRUE,FALSE,FALSE
"2019-09-06","Asgard","ios",106,0.0215,0.2218,,,TRUE,TRUE,FALSE,FALSE
"2019-09-06","Gargantua","android",853,0.1201,0.0677,,,TRUE,TRUE,FALSE,FALSE
"2019-09-06","Gargantua","ios",607,0.1491,0.2384,,,TRUE,TRUE,FALSE,FALSE
"2019-09-06","Gotham","android",403,0.0694,0.2056,,,TRUE,TRUE,FALSE,FALSE
"2019-09-06","Gotham","ios",289,0.018,0.0025,,,TRUE,TRUE,FALSE,FALSE
"2019-09-06","Krypton","android",152,0.3181,0.1307,,,TRUE,TRUE,FALSE,FALSE
"2019-09-06","Krypton","ios",127,0.0755,0.1094,,,TRUE,TRUE,FALSE,FALSE
"2019-09-06","Mordor","android",208,0.0831,0.048,,,TRUE,TRUE,FALSE,FALSE
"2019-09-06","Mordor","ios",205,0.09,0.2094,,,TRUE,TRUE,FALSE,FALSE
"2019-09-06","Tatooine","android",820,0.0865,0.0444,,,TRUE,TRUE,FALSE,FALSE
"2019-09-06","Tatooine","ios",693,0.0963,0.0333,,,TRUE,TRUE,FALSE,FALSE
"2019-09-07","Asgard","android",206,0.0767,0.1563,,,TRUE,TRUE,FALSE,FALSE
"2019-09-07","Asgard","ios",156,0.0596,0.1928,,,TRUE,TRUE,FALSE,FALSE
"2019-09-07","Gargantua","android",1153,0.1402,0.1782,,,TRUE,TRUE,FALSE,FALSE
"2019-09-07","Gargantua","ios",801,0.1287,0.1091,,,TRUE,TRUE,FALSE,FALSE
"2019-09-07","Gotham","android",601,0.0217,0.0253,,,TRUE,TRUE,FALSE,FALSE
"2019-09-07","Gotham","ios",432,0.0706,0.1381,,,TRUE,TRUE,FALSE,FALSE
"2019-09-07","Krypton","android",233,0.1584,0.0667,,,TRUE,TRUE,FALSE,FALSE
"2019-09-07","Krypton","ios",192,0.096,,,,TRUE,TRUE,FALSE,FALSE
"2019-09-07","Mordor","android",266,0.017,0.015,,,TRUE,TRUE,FALSE,FALSE
"2019-09-07","Mordor","ios",246,0.0409,,,,TRUE,TRUE,FALSE,FALSE
"2019-09-07","Tatooine","android",965,0.1027,0.0964,,,TRUE,TRUE,FALSE,FALSE
"2019-09-07","Tatooine","ios",952,0.1352,0.1899,,,TRUE,TRUE,FALSE,FALSE
"2019-09-08","Asgard","android",223,0.0547,,,,TRUE,TRUE,FALSE,FALSE
"2019-09-08","Asgard","ios",188,0.2069,0.0099,,,TRUE,TRUE,FALSE,FALSE
"2019-09-08","Gargantua","android",1165,0.0346,0.0809,,,TRUE,TRUE,FALSE,FALSE
"2019-09-08","Gargantua","ios",870,0.0725,0.0926,,,TRUE,TRUE,FALSE,FALSE
"2019-09-08","Gotham","android",598,0.0458,0.0405,,,TRUE,TRUE,FALSE,FALSE
"2019-09-08","Gotham","ios",424,0.1239,0.1807,,,TRUE,TRUE,FALSE,FALSE
"2019-09-08","Krypton","android",221,0.0599,0.3291,,,TRUE,TRUE,FALSE,FALSE
"2019-09-08","Krypton","ios",179,0.0727,0.1656,,,TRUE,TRUE,FALSE,FALSE
"2019-09-08","Mordor","android",244,0.0697,0.0568,,,TRUE,TRUE,FALSE,FALSE
"2019-09-08","Mordor","ios",293,0.062,0.0102,,,TRUE,TRUE,FALSE,FALSE
"2019-09-08","Tatooine","android",926,0.088,0.1102,,,TRUE,TRUE,FALSE,FALSE
"2019-09-08","Tatooine","ios",844,0.0664,0.087,,,TRUE,TRUE,FALSE,FALSE
"2019-09-09","Asgard","android",123,0.0396,,,,TRUE,FALSE,FALSE,FALSE
"2019-09-09","Asgard","ios",118,0.0698,,,,TRUE,FALSE,FALSE,FALSE
"2019-09-09","Gargantua","android",869,0.0344,,,,TRUE,FALSE,FALSE,FALSE
"2019-09-09","Gargantua","ios",601,0.1718,,,,TRUE,FALSE,FALSE,FALSE
"2019-09-09","Gotham","android",409,0.0098,,,,TRUE,FALSE,FALSE,FALSE
"2019-09-09","Gotham","ios",256,0.0369,,,,TRUE,FALSE,FALSE,FALSE
"2019-09-09","Krypton","android",149,0.4996,,,,TRUE,FALSE,FALSE,FALSE
"2019-09-09","Krypton","ios",123,0.1001,,,,TRUE,FALSE,FALSE,FALSE
"2019-09-09","Mordor","android",210,0.0806,,,,TRUE,FALSE,FALSE,FALSE
"2019-09-09","Mordor","ios",171,0.1,,,,TRUE,FALSE,FALSE,FALSE
"2019-09-09","Tatooine","android",716,0.1034,,,,TRUE,FALSE,FALSE,FALSE
"2019-09-09","Tatooine","ios",580,0.1704,,,,TRUE,FALSE,FALSE,FALSE
"2019-09-10","Asgard","android",144,0.0846,,,,TRUE,FALSE,FALSE,FALSE
"2019-09-10","Asgard","ios",77,0.1174,,,,TRUE,FALSE,FALSE,FALSE
"2019-09-10","Gargantua","android",786,0.1768,,,,TRUE,FALSE,FALSE,FALSE
"2019-09-10","Gargantua","ios",541,0.3228,,,,TRUE,FALSE,FALSE,FALSE
"2019-09-10","Gotham","android",435,0.101,,,,TRUE,FALSE,FALSE,FALSE
"2019-09-10","Gotham","ios",251,0.112,,,,TRUE,FALSE,FALSE,FALSE
"2019-09-10","Krypton","android",133,0.0465,,,,TRUE,FALSE,FALSE,FALSE
"2019-09-10","Krypton","ios",113,0.1569,,,,TRUE,FALSE,FALSE,FALSE
"2019-09-10","Mordor","android",214,0.0199,,,,TRUE,FALSE,FALSE,FALSE
"2019-09-10","Mordor","ios",194,0.0704,,,,TRUE,FALSE,FALSE,FALSE
"2019-09-10","Tatooine","android",658,0.1234,,,,TRUE,FALSE,FALSE,FALSE
"2019-09-10","Tatooine","ios",595,0.1602,,,,TRUE,FALSE,FALSE,FALSE
"2019-09-11","Asgard","android",158,0.0084,,,,TRUE,FALSE,FALSE,FALSE
"2019-09-11","Asgard","ios",125,0.1038,,,,TRUE,FALSE,FALSE,FALSE
"2019-09-11","Gargantua","android",680,0.0737,,,,TRUE,FALSE,FALSE,FALSE
"2019-09-11","Gargantua","ios",566,0.2274,,,,TRUE,FALSE,FALSE,FALSE
"2019-09-11","Gotham","android",367,0.0335,,,,TRUE,FALSE,FALSE,FALSE
"2019-09-11","Gotham","ios",237,0.162,,,,TRUE,FALSE,FALSE,FALSE
"2019-09-11","Krypton","android",141,0.175,,,,TRUE,FALSE,FALSE,FALSE
"2019-09-11","Krypton","ios",128,0.03,,,,TRUE,FALSE,FALSE,FALSE
"2019-09-11","Mordor","android",185,0.2112,,,,TRUE,FALSE,FALSE,FALSE
"2019-09-11","Mordor","ios",157,0.2035,,,,TRUE,FALSE,FALSE,FALSE
"2019-09-11","Tatooine","android",619,0.097,,,,TRUE,FALSE,FALSE,FALSE
"2019-09-11","Tatooine","ios",595,0.1408,,,,TRUE,FALSE,FALSE,FALSE
"2019-09-12","Asgard","android",121,0.2569,,,,TRUE,FALSE,FALSE,FALSE
"2019-09-12","Asgard","ios",97,0.185,,,,TRUE,FALSE,FALSE,FALSE
"2019-09-12","Gargantua","android",648,0.1419,,,,TRUE,FALSE,FALSE,FALSE
"2019-09-12","Gargantua","ios",537,0.1424,,,,TRUE,FALSE,FALSE,FALSE
"2019-09-12","Gotham","android",317,0.0669,,,,TRUE,FALSE,FALSE,FALSE
"2019-09-12","Gotham","ios",248,0.0347,,,,TRUE,FALSE,FALSE,FALSE
"2019-09-12","Krypton","android",131,0.3621,,,,TRUE,FALSE,FALSE,FALSE
"2019-09-12","Krypton","ios",113,0.0494,,,,TRUE,FALSE,FALSE,FALSE
"2019-09-12","Mordor","android",174,0.012,,,,TRUE,FALSE,FALSE,FALSE
"2019-09-12","Mordor","ios",180,0.1249,,,,TRUE,FALSE,FALSE,FALSE
"2019-09-12","Tatooine","android",595,0.1801,,,,TRUE,FALSE,FALSE,FALSE
"2019-09-12","Tatooine","ios",547,0.232,,,,TRUE,FALSE,FALSE,FALSE
"2019-09-13","Asgard","android",96,0.1969,,,,TRUE,FALSE,FALSE,FALSE
"2019-09-13","Asgard","ios",71,0.0145,,,,TRUE,FALSE,FALSE,FALSE
"2019-09-13","Gargantua","android",654,0.1542,,,,TRUE,FALSE,FALSE,FALSE
"2019-09-13","Gargantua","ios",450,0.2736,,,,TRUE,FALSE,FALSE,FALSE
"2019-09-13","Gotham","android",233,0.198,,,,TRUE,FALSE,FALSE,FALSE
"2019-09-13","Gotham","ios",183,0.0919,,,,TRUE,FALSE,FALSE,FALSE
"2019-09-13","Krypton","android",103,0.1169,,,,TRUE,FALSE,FALSE,FALSE
"2019-09-13","Krypton","ios",103,0.0703,,,,TRUE,FALSE,FALSE,FALSE
"2019-09-13","Mordor","android",110,0.1186,,,,TRUE,FALSE,FALSE,FALSE
"2019-09-13","Mordor","ios",128,0.0595,,,,TRUE,FALSE,FALSE,FALSE
"2019-09-13","Tatooine","android",670,0.0476,,,,TRUE,FALSE,FALSE,FALSE
"2019-09-13","Tatooine","ios",531,0.2128,,,,TRUE,FALSE,FALSE,FALSE
"2019-09-14","Asgard","android",99,0.1171,,,,TRUE,FALSE,FALSE,FALSE
"2019-09-14","Asgard","ios",100,0.1757,,,,TRUE,FALSE,FALSE,FALSE
"2019-09-14","Gargantua","android",832,0.1478,,,,TRUE,FALSE,FALSE,FALSE
"2019-09-14","Gargantua","ios",600,0.2036,,,,TRUE,FALSE,FALSE,FALSE
"2019-09-14","Gotham","android",319,0.0353,,,,TRUE,FALSE,FALSE,FALSE
"2019-09-14","Gotham","ios",249,0.0455,,,,TRUE,FALSE,FALSE,FALSE
"2019-09-14","Krypton","android",124,0.0691,,,,TRUE,FALSE,FALSE,FALSE
"2019-09-14","Krypton","ios",151,0.0982,,,,TRUE,FALSE,FALSE,FALSE
"2019-09-14","Mordor","android",170,0.1242,,,,TRUE,FALSE,FALSE,FALSE
"2019-09-14","Mordor","ios",191,0.0726,,,,TRUE,FALSE,FALSE,FALSE
"2019-09-14","Tatooine","android",714,0.1087,,,,TRUE,FALSE,FALSE,FALSE
"2019-09-14","Tatooine","ios",567,0.1348,,,,TRUE,FALSE,FALSE,FALSE
