"install_date","country","platform","d1_retention_pct","d7_retention_pct","d7_to_d1_ratio"
"2019-08-01","Asgard","android",47.73,18.18,0.38
"2019-08-01","Asgard","ios",50,30.77,0.62
"2019-08-01","Gargantua","android",58.47,35.08,0.6
"2019-08-01","Gargantua","ios",55.78,27.14,0.49
"2019-08-01","Gotham","android",48.7,27.98,0.57
"2019-08-01","Gotham","ios",44.21,25.26,0.57
"2019-08-01","Krypton","android",56.25,39.06,0.69
"2019-08-01","Krypton","ios",47.37,28.95,0.61
"2019-08-01","Mordor","android",44.94,22.15,0.49
"2019-08-01","Mordor","ios",51.65,24.18,0.47
"2019-08-01","Tatooine","android",58.12,35.9,0.62
"2019-08-01","Tatooine","ios",55.81,35.47,0.64
"2019-08-02","Asgard","android",35.09,15.79,0.45
"2019-08-02","Asgard","ios",27.78,19.44,0.7
"2019-08-02","Gargantua","android",45.91,29.53,0.64
"2019-08-02","Gargantua","ios",50,27.17,0.54
"2019-08-02","Gotham","android",37.34,17.6,0.47
"2019-08-02","Gotham","ios",48.92,27.34,0.56
"2019-08-02","Krypton","android",43.48,26.09,0.6
"2019-08-02","Krypton","ios",69.77,20.93,0.3
"2019-08-02","Mordor","android",42.22,31.11,0.74
"2019-08-02","Mordor","ios",56.3,29.63,0.53
"2019-08-02","Tatooine","android",61.54,28.85,0.47
"2019-08-02","Tatooine","ios",55,30.56,0.56
"2019-08-03","Asgard","android",46.67,24.44,0.52
"2019-08-03","Asgard","ios",52.94,32.35,0.61
"2019-08-03","Gargantua","android",48.99,22.15,0.45
"2019-08-03","Gargantua","ios",53.51,28.65,0.54
"2019-08-03","Gotham","android",46.93,22.91,0.49
"2019-08-03","Gotham","ios",46.88,22.5,0.48
"2019-08-03","Krypton","android",42,22,0.52
"2019-08-03","Krypton","ios",46.55,22.41,0.48
"2019-08-03","Mordor","android",46.49,25.44,0.55
"2019-08-03","Mordor","ios",52.76,22.09,0.42
"2019-08-03","Tatooine","android",52,24.73,0.48
"2019-08-03","Tatooine","ios",56.04,35.16,0.63
"2019-08-04","Asgard","android",41.67,25,0.6
"2019-08-04","Asgard","ios",21.88,15.63,0.71
"2019-08-04","Gargantua","android",46.38,23.68,0.51
"2019-08-04","Gargantua","ios",45.4,21.47,0.47
"2019-08-04","Gotham","android",43.2,21.84,0.51
"2019-08-04","Gotham","ios",44.52,19.35,0.43
"2019-08-04","Krypton","android",32.84,23.88,0.73
"2019-08-04","Krypton","ios",46,22,0.48
"2019-08-04","Mordor","android",49.65,29.37,0.59
"2019-08-04","Mordor","ios",48.45,30.43,0.63
"2019-08-04","Tatooine","android",45.71,26.07,0.57
"2019-08-04","Tatooine","ios",58.62,32.76,0.56
"2019-08-05","Asgard","android",48.65,16.22,0.33
"2019-08-05","Asgard","ios",58.82,26.47,0.45
"2019-08-05","Gargantua","android",48.75,22.42,0.46
"2019-08-05","Gargantua","ios",51.78,25.89,0.5
"2019-08-05","Gotham","android",46.2,25.32,0.55
"2019-08-05","Gotham","ios",50.74,25.74,0.51
"2019-08-05","Krypton","android",50,27.78,0.56
"2019-08-05","Krypton","ios",57.5,22.5,0.39
"2019-08-05","Mordor","android",59.56,35.29,0.59
"2019-08-05","Mordor","ios",53.4,21.36,0.4
"2019-08-05","Tatooine","android",47.71,27.1,0.57
"2019-08-05","Tatooine","ios",52.32,27.81,0.53
"2019-08-06","Asgard","android",24.14,20.69,0.86
"2019-08-06","Asgard","ios",41.38,20.69,0.5
"2019-08-06","Gargantua","android",49.6,26.98,0.54
"2019-08-06","Gargantua","ios",47.3,25.23,0.53
"2019-08-06","Gotham","android",50,23.86,0.48
"2019-08-06","Gotham","ios",43.14,18.95,0.44
"2019-08-06","Krypton","android",57.14,37.14,0.65
"2019-08-06","Krypton","ios",59.46,40.54,0.68
"2019-08-06","Mordor","android",48.41,25.4,0.52
"2019-08-06","Mordor","ios",47.2,29.6,0.63
"2019-08-06","Tatooine","android",54.98,30.55,0.56
"2019-08-06","Tatooine","ios",47.53,24.07,0.51
"2019-08-07","Asgard","android",42.11,19.3,0.46
"2019-08-07","Asgard","ios",30.77,15.38,0.5
"2019-08-07","Gargantua","android",51.85,27.08,0.52
"2019-08-07","Gargantua","ios",47.95,25.48,0.53
"2019-08-07","Gotham","android",54.84,28.11,0.51
"2019-08-07","Gotham","ios",47.59,25.52,0.54
"2019-08-07","Krypton","android",56.98,31.4,0.55
"2019-08-07","Krypton","ios",56.25,27.08,0.48
"2019-08-07","Mordor","android",50.76,31.82,0.63
"2019-08-07","Mordor","ios",57.02,28.07,0.49
"2019-08-07","Tatooine","android",52.87,31.53,0.6
"2019-08-07","Tatooine","ios",57.83,33.04,0.57
"2019-08-08","Asgard","android",44.05,17.86,0.41
"2019-08-08","Asgard","ios",31.71,17.07,0.54
"2019-08-08","Gargantua","android",47.02,26.38,0.56
"2019-08-08","Gargantua","ios",51.69,29.87,0.58
"2019-08-08","Gotham","android",46.98,22.33,0.48
"2019-08-08","Gotham","ios",42.53,19.54,0.46
"2019-08-08","Krypton","android",58.75,42.5,0.72
"2019-08-08","Krypton","ios",53.45,20.69,0.39
"2019-08-08","Mordor","android",51.48,30.18,0.59
"2019-08-08","Mordor","ios",49.26,29.41,0.6
"2019-08-08","Tatooine","android",51.92,29.67,0.57
"2019-08-08","Tatooine","ios",52.13,30.59,0.59
"2019-08-09","Asgard","android",34.21,10.53,0.31
"2019-08-09","Asgard","ios",41.46,14.63,0.35
"2019-08-09","Gargantua","android",44.42,26.24,0.59
"2019-08-09","Gargantua","ios",46.1,22.67,0.49
"2019-08-09","Gotham","android",42.19,18.36,0.44
"2019-08-09","Gotham","ios",50,24.77,0.5
"2019-08-09","Krypton","android",42.65,23.53,0.55
"2019-08-09","Krypton","ios",53.97,25.4,0.47
"2019-08-09","Mordor","android",41.92,16.17,0.39
"2019-08-09","Mordor","ios",53.24,24.46,0.46
"2019-08-09","Tatooine","android",45.24,24.52,0.54
"2019-08-09","Tatooine","ios",53.3,25.67,0.48
"2019-08-10","Asgard","android",28.57,16.67,0.58
"2019-08-10","Asgard","ios",38,22,0.58
"2019-08-10","Gargantua","android",44.91,21.56,0.48
"2019-08-10","Gargantua","ios",48.61,23.17,0.48
"2019-08-10","Gotham","android",46.49,20.74,0.45
"2019-08-10","Gotham","ios",42.09,21.22,0.5
"2019-08-10","Krypton","android",45.21,21.92,0.48
"2019-08-10","Krypton","ios",48.44,23.44,0.48
"2019-08-10","Mordor","android",39.66,22.41,0.57
"2019-08-10","Mordor","ios",48.24,24.71,0.51
"2019-08-10","Tatooine","android",48.88,29.15,0.6
"2019-08-10","Tatooine","ios",47.36,27.4,0.58
"2019-08-11","Asgard","android",39.58,21.88,0.55
"2019-08-11","Asgard","ios",44.44,30.56,0.69
"2019-08-11","Gargantua","android",44.75,23.95,0.54
"2019-08-11","Gargantua","ios",43.78,22.58,0.52
"2019-08-11","Gotham","android",45.89,29.45,0.64
"2019-08-11","Gotham","ios",40.87,19.13,0.47
"2019-08-11","Krypton","android",45.95,32.43,0.71
"2019-08-11","Krypton","ios",45.88,28.24,0.62
"2019-08-11","Mordor","android",37.5,25.69,0.69
"2019-08-11","Mordor","ios",47.22,31.67,0.67
"2019-08-11","Tatooine","android",48.95,27.11,0.55
"2019-08-11","Tatooine","ios",48.7,27.72,0.57
"2019-08-12","Asgard","android",38.95,26.32,0.68
"2019-08-12","Asgard","ios",39.06,31.25,0.8
"2019-08-12","Gargantua","android",44.31,21.12,0.48
"2019-08-12","Gargantua","ios",46.86,25.56,0.55
"2019-08-12","Gotham","android",45.79,21.25,0.46
"2019-08-12","Gotham","ios",43.73,20.34,0.47
"2019-08-12","Krypton","android",47.37,26.32,0.56
"2019-08-12","Krypton","ios",53.66,29.27,0.55
"2019-08-12","Mordor","android",46.01,25.15,0.55
"2019-08-12","Mordor","ios",51.5,33,0.64
"2019-08-12","Tatooine","android",53.13,28.39,0.53
"2019-08-12","Tatooine","ios",55.52,29.02,0.52
"2019-08-13","Asgard","android",32.05,15.38,0.48
"2019-08-13","Asgard","ios",37.7,26.23,0.7
"2019-08-13","Gargantua","android",48.73,29.35,0.6
"2019-08-13","Gargantua","ios",48.98,26.26,0.54
"2019-08-13","Gotham","android",46.18,21.53,0.47
"2019-08-13","Gotham","ios",45.71,23.27,0.51
"2019-08-13","Krypton","android",43.62,29.79,0.68
"2019-08-13","Krypton","ios",51.22,26.83,0.52
"2019-08-13","Mordor","android",50.91,31.52,0.62
"2019-08-13","Mordor","ios",52.78,27.22,0.52
"2019-08-13","Tatooine","android",51.83,32.42,0.63
"2019-08-13","Tatooine","ios",46.83,29.75,0.64
"2019-08-14","Asgard","android",39.01,14.84,0.38
"2019-08-14","Asgard","ios",36.51,22.22,0.61
"2019-08-14","Gargantua","android",46.34,22.54,0.49
"2019-08-14","Gargantua","ios",49.93,27.53,0.55
"2019-08-14","Gotham","android",45.74,22.66,0.5
"2019-08-14","Gotham","ios",46.56,19.84,0.43
"2019-08-14","Krypton","android",46.58,23.29,0.5
"2019-08-14","Krypton","ios",63.54,29.17,0.46
"2019-08-14","Mordor","android",49.24,29.77,0.6
"2019-08-14","Mordor","ios",48.7,23.83,0.49
"2019-08-14","Tatooine","android",52.19,33.33,0.64
"2019-08-14","Tatooine","ios",51.57,33.82,0.66
"2019-08-15","Asgard","android",36.56,18.75,0.51
"2019-08-15","Asgard","ios",39.52,16.94,0.43
"2019-08-15","Gargantua","android",46.56,26.72,0.57
"2019-08-15","Gargantua","ios",48.18,27.01,0.56
"2019-08-15","Gotham","android",43.54,20.62,0.47
"2019-08-15","Gotham","ios",47.52,21.04,0.44
"2019-08-15","Krypton","android",49.58,29.41,0.59
"2019-08-15","Krypton","ios",51.81,25.3,0.49
"2019-08-15","Mordor","android",50.8,27.16,0.53
"2019-08-15","Mordor","ios",48.85,23.08,0.47
"2019-08-15","Tatooine","android",49.04,26.65,0.54
"2019-08-15","Tatooine","ios",54.85,32.16,0.59
"2019-08-16","Asgard","android",34.15,15.45,0.45
"2019-08-16","Asgard","ios",36.36,19.83,0.55
"2019-08-16","Gargantua","android",39.71,21.45,0.54
"2019-08-16","Gargantua","ios",47.03,25.89,0.55
"2019-08-16","Gotham","android",40.62,21,0.52
"2019-08-16","Gotham","ios",40.27,16.55,0.41
"2019-08-16","Krypton","android",37.56,20.49,0.55
"2019-08-16","Krypton","ios",41.88,23.75,0.57
"2019-08-16","Mordor","android",47.32,23.34,0.49
"2019-08-16","Mordor","ios",48.21,24.29,0.5
"2019-08-16","Tatooine","android",42.74,25.87,0.61
"2019-08-16","Tatooine","ios",49.72,30.87,0.62
"2019-08-17","Asgard","android",35.45,16.71,0.47
"2019-08-17","Asgard","ios",35.5,17.16,0.48
"2019-08-17","Gargantua","android",40.39,18.91,0.47
"2019-08-17","Gargantua","ios",45.4,19.87,0.44
"2019-08-17","Gotham","android",43.02,18.21,0.42
"2019-08-17","Gotham","ios",40.28,17.73,0.44
"2019-08-17","Krypton","android",37.56,15.38,0.41
"2019-08-17","Krypton","ios",40.42,15.83,0.39
"2019-08-17","Mordor","android",40.53,16.31,0.4
"2019-08-17","Mordor","ios",42.89,21.44,0.5
"2019-08-17","Tatooine","android",42.13,20.98,0.5
"2019-08-17","Tatooine","ios",44.56,23.27,0.52
"2019-08-18","Asgard","android",28.88,15.81,0.55
"2019-08-18","Asgard","ios",31.21,14.65,0.47
"2019-08-18","Gargantua","android",40.68,20.4,0.5
"2019-08-18","Gargantua","ios",46.6,23.58,0.51
"2019-08-18","Gotham","android",37.21,19.12,0.51
"2019-08-18","Gotham","ios",38.36,21.18,0.55
"2019-08-18","Krypton","android",41.02,21.88,0.53
"2019-08-18","Krypton","ios",38.93,21.31,0.55
"2019-08-18","Mordor","android",42.27,24.25,0.57
"2019-08-18","Mordor","ios",40.76,23.8,0.58
"2019-08-18","Tatooine","android",41.94,24.23,0.58
"2019-08-18","Tatooine","ios",42.84,26.71,0.62
"2019-08-19","Asgard","android",35.08,13.31,0.38
"2019-08-19","Asgard","ios",39.85,15.79,0.4
"2019-08-19","Gargantua","android",43.69,20.73,0.47
"2019-08-19","Gargantua","ios",48.63,23.71,0.49
"2019-08-19","Gotham","android",41.3,23.01,0.56
"2019-08-19","Gotham","ios",38.15,18.28,0.48
"2019-08-19","Krypton","android",44.12,22.35,0.51
"2019-08-19","Krypton","ios",46.2,24.46,0.53
"2019-08-19","Mordor","android",43.01,20.22,0.47
"2019-08-19","Mordor","ios",45.95,27.03,0.59
"2019-08-19","Tatooine","android",42.18,22.91,0.54
"2019-08-19","Tatooine","ios",46.3,27.48,0.59
"2019-08-20","Asgard","android",35.1,15.92,0.45
"2019-08-20","Asgard","ios",33.54,13.92,0.42
"2019-08-20","Gargantua","android",40.69,21.44,0.53
"2019-08-20","Gargantua","ios",48.59,29.78,0.61
"2019-08-20","Gotham","android",45.24,21.55,0.48
"2019-08-20","Gotham","ios",41.82,21.98,0.53
"2019-08-20","Krypton","android",53.03,32.58,0.61
"2019-08-20","Krypton","ios",53.23,25.81,0.48
"2019-08-20","Mordor","android",41.97,20.33,0.48
"2019-08-20","Mordor","ios",48.73,30.18,0.62
"2019-08-20","Tatooine","android",46.15,25.6,0.55
"2019-08-20","Tatooine","ios",50.32,30.02,0.6
"2019-08-21","Asgard","android",32.82,12.74,0.39
"2019-08-21","Asgard","ios",34.93,19.18,0.55
"2019-08-21","Gargantua","android",43.41,22,0.51
"2019-08-21","Gargantua","ios",45.91,23.89,0.52
"2019-08-21","Gotham","android",37.37,18.79,0.5
"2019-08-21","Gotham","ios",44.25,24.25,0.55
"2019-08-21","Krypton","android",44.16,24.03,0.54
"2019-08-21","Krypton","ios",47.37,23.39,0.49
"2019-08-21","Mordor","android",36.67,17.08,0.47
"2019-08-21","Mordor","ios",48.77,27.47,0.56
"2019-08-21","Tatooine","android",44.39,25.94,0.58
"2019-08-21","Tatooine","ios",50,29.3,0.59
"2019-08-22","Asgard","android",30.91,9.45,0.31
"2019-08-22","Asgard","ios",37.31,16.42,0.44
"2019-08-22","Gargantua","android",43.94,22.78,0.52
"2019-08-22","Gargantua","ios",42.76,22.56,0.53
"2019-08-22","Gotham","android",39.83,17.29,0.43
"2019-08-22","Gotham","ios",40.47,18.14,0.45
"2019-08-22","Krypton","android",42.11,21.05,0.5
"2019-08-22","Krypton","ios",49.54,26.39,0.53
"2019-08-22","Mordor","android",38.33,17.77,0.46
"2019-08-22","Mordor","ios",46.51,22.92,0.49
"2019-08-22","Tatooine","android",45.47,21.4,0.47
"2019-08-22","Tatooine","ios",48.33,25.57,0.53
"2019-08-23","Asgard","android",31.29,12.88,0.41
"2019-08-23","Asgard","ios",36.87,24.75,0.67
"2019-08-23","Gargantua","android",41.39,22.17,0.54
"2019-08-23","Gargantua","ios",43.34,22.46,0.52
"2019-08-23","Gotham","android",37.92,17.37,0.46
"2019-08-23","Gotham","ios",38.61,18.09,0.47
"2019-08-23","Krypton","android",50,22.54,0.45
"2019-08-23","Krypton","ios",44.04,22.74,0.52
"2019-08-23","Mordor","android",44.09,20.7,0.47
"2019-08-23","Mordor","ios",46.75,22.89,0.49
"2019-08-23","Tatooine","android",43.27,22.25,0.51
"2019-08-23","Tatooine","ios",48.19,26.94,0.56
"2019-08-24","Asgard","android",32.13,15.32,0.48
"2019-08-24","Asgard","ios",40.98,15.57,0.38
"2019-08-24","Gargantua","android",40.55,19.28,0.48
"2019-08-24","Gargantua","ios",45.74,24.05,0.53
"2019-08-24","Gotham","android",35.12,15.35,0.44
"2019-08-24","Gotham","ios",40.06,18.09,0.45
"2019-08-24","Krypton","android",44.44,20.18,0.45
"2019-08-24","Krypton","ios",42.72,22.29,0.52
"2019-08-24","Mordor","android",38.05,17.76,0.47
"2019-08-24","Mordor","ios",46.48,22.74,0.49
"2019-08-24","Tatooine","android",43.17,23.82,0.55
"2019-08-24","Tatooine","ios",47.16,26.26,0.56
"2019-08-25","Asgard","android",28.49,13.39,0.47
"2019-08-25","Asgard","ios",38.13,15.18,0.4
"2019-08-25","Gargantua","android",39.63,18.89,0.48
"2019-08-25","Gargantua","ios",45.48,22.46,0.49
"2019-08-25","Gotham","android",32.74,16.02,0.49
"2019-08-25","Gotham","ios",35.74,19.34,0.54
"2019-08-25","Krypton","android",38.69,20.71,0.54
"2019-08-25","Krypton","ios",41.41,24.58,0.59
"2019-08-25","Mordor","android",37.68,20.38,0.54
"2019-08-25","Mordor","ios",41.23,23.26,0.56
"2019-08-25","Tatooine","android",42.47,22.97,0.54
"2019-08-25","Tatooine","ios",46.66,27.3,0.59
"2019-08-26","Asgard","android",36.19,17.12,0.47
"2019-08-26","Asgard","ios",42.49,23.32,0.55
"2019-08-26","Gargantua","android",40.16,18.1,0.45
"2019-08-26","Gargantua","ios",44.66,21.9,0.49
"2019-08-26","Gotham","android",35.26,15.5,0.44
"2019-08-26","Gotham","ios",45.98,24.55,0.53
"2019-08-26","Krypton","android",43.69,22.07,0.51
"2019-08-26","Krypton","ios",45.99,24.6,0.53
"2019-08-26","Mordor","android",41.38,18.57,0.45
"2019-08-26","Mordor","ios",49.69,27.19,0.55
"2019-08-26","Tatooine","android",42.42,21.73,0.51
"2019-08-26","Tatooine","ios",48.83,26.3,0.54
"2019-08-27","Asgard","android",37.5,19.92,0.53
"2019-08-27","Asgard","ios",39.9,20.21,0.51
"2019-08-27","Gargantua","android",43.1,22.83,0.53
"2019-08-27","Gargantua","ios",47.49,24.27,0.51
"2019-08-27","Gotham","android",42,21.09,0.5
"2019-08-27","Gotham","ios",40.35,18.55,0.46
"2019-08-27","Krypton","android",48.99,28.28,0.58
"2019-08-27","Krypton","ios",51.5,29.34,0.57
"2019-08-27","Mordor","android",38.23,22.94,0.6
"2019-08-27","Mordor","ios",47.54,26.56,0.56
"2019-08-27","Tatooine","android",43.53,24.65,0.57
"2019-08-27","Tatooine","ios",48.96,27.44,0.56
"2019-08-28","Asgard","android",35.14,17.03,0.48
"2019-08-28","Asgard","ios",39.09,24.37,0.62
"2019-08-28","Gargantua","android",43.36,21.72,0.5
"2019-08-28","Gargantua","ios",44.9,23.02,0.51
"2019-08-28","Gotham","android",40.53,20.18,0.5
"2019-08-28","Gotham","ios",45.83,26.39,0.58
"2019-08-28","Krypton","android",46.35,23.61,0.51
"2019-08-28","Krypton","ios",51.98,29.21,0.56
"2019-08-28","Mordor","android",42.72,24.17,0.57
"2019-08-28","Mordor","ios",45.63,26.88,0.59
"2019-08-28","Tatooine","android",46.61,29.16,0.63
"2019-08-28","Tatooine","ios",50.19,30.06,0.6
"2019-08-29","Asgard","android",29.28,15.47,0.53
"2019-08-29","Asgard","ios",40.3,23.88,0.59
"2019-08-29","Gargantua","android",42.1,22.55,0.54
"2019-08-29","Gargantua","ios",46.51,25.64,0.55
"2019-08-29","Gotham","android",37.04,17.56,0.47
"2019-08-29","Gotham","ios",45.51,22.19,0.49
"2019-08-29","Krypton","android",38.5,24.41,0.63
"2019-08-29","Krypton","ios",49.66,30.34,0.61
"2019-08-29","Mordor","android",39.29,21.07,0.54
"2019-08-29","Mordor","ios",48.03,25.59,0.53
"2019-08-29","Tatooine","android",45.8,26.17,0.57
"2019-08-29","Tatooine","ios",48.58,29.65,0.61
"2019-08-30","Asgard","android",26.85,12.5,0.47
"2019-08-30","Asgard","ios",32.42,15.38,0.47
"2019-08-30","Gargantua","android",38.56,22.68,0.59
"2019-08-30","Gargantua","ios",38.82,20.08,0.52
"2019-08-30","Gotham","android",45.09,17.54,0.39
"2019-08-30","Gotham","ios",48.72,20.66,0.42
"2019-08-30","Krypton","android",36.89,17.48,0.47
"2019-08-30","Krypton","ios",41.18,25.13,0.61
"2019-08-30","Mordor","android",38.78,23.67,0.61
"2019-08-30","Mordor","ios",37.82,24,0.63
"2019-08-30","Tatooine","android",41.61,21.9,0.53
"2019-08-30","Tatooine","ios",42.05,25.03,0.6
"2019-08-31","Asgard","android",37.32,19.2,0.51
"2019-08-31","Asgard","ios",34.08,16.14,0.47
"2019-08-31","Gargantua","android",40.21,19.93,0.5
"2019-08-31","Gargantua","ios",41.8,24.01,0.57
"2019-08-31","Gotham","android",33.23,15.5,0.47
"2019-08-31","Gotham","ios",45.61,21.63,0.47
"2019-08-31","Krypton","android",43.22,18.22,0.42
"2019-08-31","Krypton","ios",47.95,20.49,0.43
"2019-08-31","Mordor","android",34.69,19.19,0.55
"2019-08-31","Mordor","ios",39.15,20.28,0.52
"2019-08-31","Tatooine","android",41.42,24.44,0.59
"2019-08-31","Tatooine","ios",47.67,26.59,0.56
"2019-09-01","Asgard","android",29.22,20.78,0.71
"2019-09-01","Asgard","ios",28.9,20.15,0.7
"2019-09-01","Gargantua","android",43.94,22.64,0.52
"2019-09-01","Gargantua","ios",42.84,23.1,0.54
"2019-09-01","Gotham","android",28.88,17.82,0.62
"2019-09-01","Gotham","ios",37.43,18.81,0.5
"2019-09-01","Krypton","android",38.49,23.02,0.6
"2019-09-01","Krypton","ios",46.01,25.86,0.56
"2019-09-01","Mordor","android",33.75,20.74,0.61
"2019-09-01","Mordor","ios",38.02,21.35,0.56
"2019-09-01","Tatooine","android",38.42,23.05,0.6
"2019-09-01","Tatooine","ios",42,26.73,0.64
"2019-09-02","Asgard","android",29.47,15.26,0.52
"2019-09-02","Asgard","ios",33.14,17.44,0.53
"2019-09-02","Gargantua","android",36.78,20.81,0.57
"2019-09-02","Gargantua","ios",40.46,20.49,0.51
"2019-09-02","Gotham","android",37.86,18.93,0.5
"2019-09-02","Gotham","ios",41.45,23.32,0.56
"2019-09-02","Krypton","android",43.58,24.02,0.55
"2019-09-02","Krypton","ios",47.78,26.6,0.56
"2019-09-02","Mordor","android",40.91,25,0.61
"2019-09-02","Mordor","ios",48.23,25.53,0.53
"2019-09-02","Tatooine","android",45.27,26.89,0.59
"2019-09-02","Tatooine","ios",48.94,26.66,0.54
"2019-09-03","Asgard","android",32.03,16.34,0.51
"2019-09-03","Asgard","ios",42.36,27.08,0.64
"2019-09-03","Gargantua","android",46.99,27.07,0.58
"2019-09-03","Gargantua","ios",46.5,25.49,0.55
"2019-09-03","Gotham","android",39.51,21.65,0.55
"2019-09-03","Gotham","ios",45.99,24.93,0.54
"2019-09-03","Krypton","android",42.86,22.02,0.51
"2019-09-03","Krypton","ios",46.5,25.48,0.55
"2019-09-03","Mordor","android",38.5,20,0.52
"2019-09-03","Mordor","ios",43.49,26.77,0.62
"2019-09-03","Tatooine","android",46.5,27.67,0.6
"2019-09-03","Tatooine","ios",50.28,31.28,0.62
"2019-09-04","Asgard","android",36.88,19.38,0.53
"2019-09-04","Asgard","ios",42.96,22.96,0.53
"2019-09-04","Gargantua","android",43.24,25,0.58
"2019-09-04","Gargantua","ios",44.53,26.6,0.6
"2019-09-04","Gotham","android",36.52,18.89,0.52
"2019-09-04","Gotham","ios",40.72,21.82,0.54
"2019-09-04","Krypton","android",44.05,22.02,0.5
"2019-09-04","Krypton","ios",48.28,24.83,0.51
"2019-09-04","Mordor","android",38.42,21.58,0.56
"2019-09-04","Mordor","ios",43.05,27.35,0.64
"2019-09-04","Tatooine","android",45.47,24.12,0.53
"2019-09-04","Tatooine","ios",51.56,29.06,0.56
"2019-09-05","Asgard","android",39.88,15.95,0.4
"2019-09-05","Asgard","ios",43.41,24.81,0.57
"2019-09-05","Gargantua","android",46.08,25.31,0.55
"2019-09-05","Gargantua","ios",45.6,26.37,0.58
"2019-09-05","Gotham","android",37.19,18.26,0.49
"2019-09-05","Gotham","ios",38.73,19.37,0.5
"2019-09-05","Krypton","android",39.86,24.32,0.61
"2019-09-05","Krypton","ios",42.4,27.2,0.64
"2019-09-05","Mordor","android",45.1,23.53,0.52
"2019-09-05","Mordor","ios",48.55,27.17,0.56
"2019-09-05","Tatooine","android",44.94,25.25,0.56
"2019-09-05","Tatooine","ios",48.84,28.38,0.58
"2019-09-06","Asgard","android",32.78,17.78,0.54
"2019-09-06","Asgard","ios",46.23,32.08,0.69
"2019-09-06","Gargantua","android",44.31,23.68,0.53
"2019-09-06","Gargantua","ios",51.24,26.03,0.51
"2019-09-06","Gotham","android",36.48,17.62,0.48
"2019-09-06","Gotham","ios",42.56,19.38,0.46
"2019-09-06","Krypton","android",41.45,25,0.6
"2019-09-06","Krypton","ios",45.67,32.28,0.71
"2019-09-06","Mordor","android",42.79,21.63,0.51
"2019-09-06","Mordor","ios",44.88,25.37,0.57
"2019-09-06","Tatooine","android",45,25.73,0.57
"2019-09-06","Tatooine","ios",47.47,27.85,0.59
"2019-09-07","Asgard","android",33.01,13.11,0.4
"2019-09-07","Asgard","ios",41.67,21.15,0.51
"2019-09-07","Gargantua","android",41.89,22.64,0.54
"2019-09-07","Gargantua","ios",45.07,24.97,0.55
"2019-09-07","Gotham","android",36.11,14.31,0.4
"2019-09-07","Gotham","ios",44.44,19.91,0.45
"2019-09-07","Krypton","android",36.05,20.17,0.56
"2019-09-07","Krypton","ios",44.79,21.88,0.49
"2019-09-07","Mordor","android",39.1,19.92,0.51
"2019-09-07","Mordor","ios",41.87,22.36,0.53
"2019-09-07","Tatooine","android",40.83,21.97,0.54
"2019-09-07","Tatooine","ios",45.38,27.42,0.6
"2019-09-08","Asgard","android",26.01,16.14,0.62
"2019-09-08","Asgard","ios",40.43,27.13,0.67
"2019-09-08","Gargantua","android",35.54,22.49,0.63
"2019-09-08","Gargantua","ios",40.69,26.21,0.64
"2019-09-08","Gotham","android",31.27,17.56,0.56
"2019-09-08","Gotham","ios",33.96,19.58,0.58
"2019-09-08","Krypton","android",37.1,20.36,0.55
"2019-09-08","Krypton","ios",40.78,25.7,0.63
"2019-09-08","Mordor","android",40.16,20.08,0.5
"2019-09-08","Mordor","ios",39.25,24.57,0.63
"2019-09-08","Tatooine","android",42.01,22.46,0.53
"2019-09-08","Tatooine","ios",44.55,28.08,0.63
"2019-09-09","Asgard","android",35.77,,
"2019-09-09","Asgard","ios",47.46,,
"2019-09-09","Gargantua","android",42.92,,
"2019-09-09","Gargantua","ios",46.09,,
"2019-09-09","Gotham","android",31.78,,
"2019-09-09","Gotham","ios",41.41,,
"2019-09-09","Krypton","android",42.28,,
"2019-09-09","Krypton","ios",43.9,,
"2019-09-09","Mordor","android",36.67,,
"2019-09-09","Mordor","ios",40.94,,
"2019-09-09","Tatooine","android",44.55,,
"2019-09-09","Tatooine","ios",49.48,,
"2019-09-10","Asgard","android",31.25,,
"2019-09-10","Asgard","ios",54.55,,
"2019-09-10","Gargantua","android",46.06,,
"2019-09-10","Gargantua","ios",46.58,,
"2019-09-10","Gotham","android",38.39,,
"2019-09-10","Gotham","ios",38.65,,
"2019-09-10","Krypton","android",47.37,,
"2019-09-10","Krypton","ios",46.9,,
"2019-09-10","Mordor","android",44.86,,
"2019-09-10","Mordor","ios",44.33,,
"2019-09-10","Tatooine","android",43.31,,
"2019-09-10","Tatooine","ios",47.06,,
"2019-09-11","Asgard","android",32.91,,
"2019-09-11","Asgard","ios",45.6,,
"2019-09-11","Gargantua","android",42.79,,
"2019-09-11","Gargantua","ios",43.29,,
"2019-09-11","Gotham","android",37.06,,
"2019-09-11","Gotham","ios",48.52,,
"2019-09-11","Krypton","android",38.3,,
"2019-09-11","Krypton","ios",52.34,,
"2019-09-11","Mordor","android",44.32,,
"2019-09-11","Mordor","ios",39.49,,
"2019-09-11","Tatooine","android",42.33,,
"2019-09-11","Tatooine","ios",48.74,,
"2019-09-12","Asgard","android",38.84,,
"2019-09-12","Asgard","ios",51.55,,
"2019-09-12","Gargantua","android",46.76,,
"2019-09-12","Gargantua","ios",45.44,,
"2019-09-12","Gotham","android",33.12,,
"2019-09-12","Gotham","ios",43.15,,
"2019-09-12","Krypton","android",46.56,,
"2019-09-12","Krypton","ios",40.71,,
"2019-09-12","Mordor","android",39.08,,
"2019-09-12","Mordor","ios",51.11,,
"2019-09-12","Tatooine","android",40.17,,
"2019-09-12","Tatooine","ios",46.98,,
"2019-09-13","Asgard","android",35.42,,
"2019-09-13","Asgard","ios",49.3,,
"2019-09-13","Gargantua","android",39.91,,
"2019-09-13","Gargantua","ios",45.56,,
"2019-09-13","Gotham","android",45.92,,
"2019-09-13","Gotham","ios",38.25,,
"2019-09-13","Krypton","android",47.57,,
"2019-09-13","Krypton","ios",47.57,,
"2019-09-13","Mordor","android",39.09,,
"2019-09-13","Mordor","ios",42.19,,
"2019-09-13","Tatooine","android",40.75,,
"2019-09-13","Tatooine","ios",40.87,,
"2019-09-14","Asgard","android",43.43,,
"2019-09-14","Asgard","ios",42,,
"2019-09-14","Gargantua","android",40.63,,
"2019-09-14","Gargantua","ios",47.83,,
"2019-09-14","Gotham","android",41.38,,
"2019-09-14","Gotham","ios",48.59,,
"2019-09-14","Krypton","android",37.9,,
"2019-09-14","Krypton","ios",45.7,,
"2019-09-14","Mordor","android",44.71,,
"2019-09-14","Mordor","ios",40.84,,
"2019-09-14","Tatooine","android",40.06,,
"2019-09-14","Tatooine","ios",46.38,,
"2019-09-15","Asgard","android",,,
"2019-09-15","Asgard","ios",,,
"2019-09-15","Gargantua","android",,,
"2019-09-15","Gargantua","ios",,,
"2019-09-15","Gotham","android",,,
"2019-09-15","Gotham","ios",,,
"2019-09-15","Krypton","android",,,
"2019-09-15","Krypton","ios",,,
"2019-09-15","Mordor","android",,,
"2019-09-15","Mordor","ios",,,
"2019-09-15","Tatooine","android",,,
"2019-09-15","Tatooine","ios",,,
